wavelength_nm,dark_mean,water_mean_raw,water_corr,std_T_mean_2pct,std_T_std_2pct,std_S_mean_2pct,std_T_mean_4pct,std_T_std_4pct,std_S_mean_4pct,std_T_mean_6pct,std_T_std_6pct,std_S_mean_6pct,std_T_mean_8pct,std_T_std_8pct,std_S_mean_8pct,std_T_mean_10pct,std_T_std_10pct,std_S_mean_10pct,std_T_mean_12pct,std_T_std_12pct,std_S_mean_12pct,std_T_mean_14pct,std_T_std_14pct,std_S_mean_14pct,std_T_mean_16pct,std_T_std_16pct,std_S_mean_16pct,std_T_mean_18pct,std_T_std_18pct,std_S_mean_18pct,std_T_mean_20pct,std_T_std_20pct,std_S_mean_20pct,creme_soda_flat_T_mean,creme_soda_flat_T_std,creme_soda_flat_S_mean,sprite_flat_T_mean,sprite_flat_T_std,sprite_flat_S_mean,tonic_flat_T_mean,tonic_flat_T_std,tonic_flat_S_mean
953.279,2944.50064,19303.80469,16359.30405,1.0177562179860278,0.0,0.007842382518079154,0.9743575607273545,0.0,0.007887895120373993,1.0103460969672822,0.0,0.007862354079303687,1.0072776624864124,0.0,0.007896234455275306,1.0748020265130127,0.0,0.008007033822472535,1.020426352437235,0.0,0.00793762117079983,1.0578063818684376,0.0,0.007969556596368967,1.040719432286114,0.0,0.007968217458257881,1.0609037653198223,0.0,0.00797741338093035,1.0799680797068212,0.0,0.008013982185699122,0.9488247109378559,0.0,0.007734267563909684,1.0495085067009842,0.0,0.007753109584242951,0.9647276914604918,0.0,0.007652489533803682
959.192,2935.32081,17137.01755,14201.69674,1.0174294277976925,0.0,0.00783951791179176,0.9743724822815425,0.0,0.007885630916044236,1.0109969252407975,0.0,0.007862980523183754,1.0079974927489388,0.0,0.007896338607462527,1.0757257414565382,0.0,0.008001978184543745,1.0230335871899379,0.0,0.007944251303707718,1.0600146022802133,0.0,0.007972188681387056,1.0437462390390275,0.0,0.007974592060371656,1.0639498377849443,0.0,0.00798264890462979,1.0830544669785018,0.0,0.00801781344145791,0.9524676810624343,0.0,0.007753724894127372,1.0551298451709439,0.0,0.007778493593282358,0.9706168486743011,0.0,0.007686211573852307
965.105,2935.06002,15619.10929,12684.04927,1.0168160483030677,0.0,0.007835442442082181,0.9740056455721113,0.0,0.007881761056028386,1.0112605578748535,0.0,0.007862261433976609,1.008217799953942,0.0,0.00789440941904662,1.0749963412624377,0.0,0.007990739746904507,1.024923701550549,0.0,0.007948658671161388,1.0610694326648922,0.0,0.007971094888725277,1.0457006620206173,0.0,0.007977558776457434,1.0657096659516856,0.0,0.007983823376099642,1.0846194517162062,0.0,0.008016571665661661,0.9566809255524552,0.0,0.007776896716788828,1.0613356541002323,0.0,0.007808013554148728,0.9780122071003345,0.0,0.00772801954738469
971.017,2948.86455,15158.79184,12209.92729,1.0160332159053629,0.0,0.007830127613205154,0.9732555986215239,0.0,0.007875977397340498,1.0112399546568174,0.0,0.00785954502427176,1.0079873457593005,0.0,0.007889621320436102,1.0730164325886606,0.0,0.007971474481426169,1.026047281471362,0.0,0.00794882173712836,1.0611312135920692,0.0,0.007964188806859536,1.0466399289233443,0.0,0.007974640917253084,1.0662954526520148,0.0,0.007978240364452865,1.08476331040518,0.0,0.008007251777323757,0.9610935263947313,0.0,0.007801942101066009,1.067678095765935,0.0,0.007839061320562488,0.9862221323472098,0.0,0.007775588948166473
976.929,2928.48811,15783.90602,12855.41791,1.0151550019758808,0.0,0.007823832314625209,0.9724001622162504,0.0,0.007868534220027227,1.0109097979119555,0.0,0.007854749769555651,1.0073706964521985,0.0,0.00788196444258901,1.0700520410479248,0.0,0.007944618887256442,1.0264033708910731,0.0,0.00794399820674966,1.06025479994077,0.0,0.007951010185147529,1.0465586297164968,0.0,0.00796501469108029,1.0657863059731945,0.0,0.0079651913405085,1.0835881844051571,0.0,0.007989306121623924,0.9655934134417055,0.0,0.007827434144207833,1.0736780687905194,0.0,0.007869251150774779,0.9946655975079788,0.0,0.007826222388986542
982.842,2940.17151,17469.54672,14529.375209999998,1.014055473103883,0.0,0.007817238406257561,0.9710120772240948,0.0,0.007859777388311931,1.009699029802496,0.0,0.007847352328627589,1.0055544144791717,0.0,0.007870957460004853,1.0642430394596327,0.0,0.007910338673581199,1.0243995633772585,0.0,0.007931249629166316,1.0567889140807036,0.0,0.007929484949913154,1.0434369730259987,0.0,0.007945489939494475,1.0619990530172854,0.0,0.007941630602609029,1.0787947415959502,0.0,0.007959930145326326,0.9687946346804606,0.0,0.007847872100141685,1.0776161443059298,0.0,0.007890670820190704,1.0018441643026905,0.0,0.00787055546749658
988.754,2916.005,20165.2742,17249.2692,1.0129300685682312,0.0,0.007810966223589257,0.9693576034551128,0.0,0.007850521120276089,1.0079017555578293,0.0,0.00783797510847729,1.0030006922739587,0.0,0.007857456017604885,1.0567014955232343,0.0,0.007871699602479118,1.0205733552661878,0.0,0.007911589744120578,1.0513822065348584,0.0,0.007901575769287034,1.0380466449239913,0.0,0.007917714624687412,1.0556971646245463,0.0,0.007909597786292449,1.0711618360926702,0.0,0.007921650147536633,0.9704093062209662,0.0,0.007861173332255821,1.0790708550642294,0.0,0.007901193519021854,1.0069590703832014,0.0,0.007904260371212958
994.666,2939.87595,23909.62372,20969.747769999998,1.0120397495390807,0.0,0.0078053954493687815,0.967922954097816,0.0,0.007841587833167412,1.0060311220757767,0.0,0.007827100667689999,1.0004381545446825,0.0,0.007842269601200914,1.0495700609808174,0.0,0.00783094280488165,1.016077973530405,0.0,0.007886295825670306,1.0455473646458324,0.0,0.00786895366970257,1.0319017156460446,0.0,0.007883398872446342,1.04873451663473,0.0,0.00787103677528752,1.0630114585351216,0.0,0.007876835462162375,0.9707942454463425,0.0,0.007866123974089012,1.0782539650978709,0.0,0.007899525298552418,1.0096792777804893,0.0,0.007924531461213994
1000.578,2933.53005,28444.409,25510.87895,1.0114418056623722,0.0,0.007800740160467621,0.9668022249791208,0.0,0.00783331951931373,1.0043403921146719,0.0,0.007815267379050037,0.9981655029611683,0.0,0.007826111791963122,1.0435180321642579,0.0,0.0077898574693480264,1.0115408336457112,0.0,0.007856673885669501,1.0399913983955142,0.0,0.007833257240164437,1.0258613770109564,0.0,0.007844273386987816,1.041977583007469,0.0,0.007827785103150145,1.055297481669133,0.0,0.007827787312471057,0.9700815057242572,0.0,0.007862007992808891,1.075524733507211,0.0,0.007885734800681289,1.009975070695138,0.0,0.007930020429689329
1006.49,2939.38914,33674.63411,30735.24497,1.0111205703425685,0.0,0.007797280968394737,0.966003626923166,0.0,0.0078262919751895,1.002822534892524,0.0,0.007803504795520794,0.996157633347724,0.0,0.007810469910979504,1.0386933012298023,0.0,0.00775201242881788,1.0072004526577696,0.0,0.007825799359955372,1.0351077552269023,0.0,0.0077978320374596215,1.020258203973081,0.0,0.007804220903955189,1.0358365268186467,0.0,0.007784020453804212,1.0484491700708616,0.0,0.00777907302235439,0.9681441839625845,0.0,0.007849842446305929,1.0713549155318727,0.0,0.00786212906945994,1.0079348997768631,0.0,0.007921569519426902
1012.401,2943.54441,39310.23918,36366.694769999995,1.0109746544007712,0.0,0.007795122069442736,0.965532796109404,0.0,0.007820875055064248,1.0014546686325527,0.0,0.0077926305584489096,0.9944220757268422,0.0,0.007796338909897654,1.0347236990269788,0.0,0.007719702797198391,1.0032449908615824,0.0,0.007796083856867735,1.0307854847758942,0.0,0.0077653057097072965,1.0152063666819184,0.0,0.007766227421530275,1.030334254751828,0.0,0.007743017666201654,1.0424184858119303,0.0,0.007734367039506418,0.9653600850220002,0.0,0.007831246144072067,1.06608968795563,0.0,0.007831378048729772,1.004218492800376,0.0,0.007901254105943773
1018.313,2925.86283,44947.47614,42021.61331,1.0109277501979137,0.0,0.007793946525551955,0.9652522272821806,0.0,0.00781690163346778,1.000261699658938,0.0,0.0077828528604948185,0.9929377295419588,0.0,0.007783849514686385,1.0314506322125292,0.0,0.007692854058127833,0.9996993991181042,0.0,0.007768669900852252,1.0270492679772296,0.0,0.007736549054498866,1.0107193051478016,0.0,0.007731653608988879,1.0254506949321018,0.0,0.007706030637158233,1.0372432133770835,0.0,0.00769481289697909,0.9620461813792618,0.0,0.007807711233101073,1.0605473496033173,0.0,0.007796177396596804,0.9995386188991889,0.0,0.007871792373594493
1024.224,2917.67405,50329.47451,47411.80046,1.010914341339367,0.0,0.00779346910579052,0.9649367843608532,0.0,0.007814203756193872,0.9991145550263351,0.0,0.007774104351540364,0.9915823006035831,0.0,0.007772921969356965,1.0286860247018788,0.0,0.007670718566526106,0.9965663943427009,0.0,0.007744067402566786,1.0238356827365673,0.0,0.007711688602034073,1.0067485096787516,0.0,0.007700941912197622,1.021185050086705,0.0,0.007673406756929136,1.0327652302215429,0.0,0.007660465135562549,0.9583101320368512,0.0,0.007780716409265352,1.055139781902437,0.0,0.00775873835712881,0.9943415767638741,0.0,0.007836157247994774
1030.136,2937.37236,55117.77404,52180.401679999995,1.0109696726342596,0.0,0.007793412912713562,0.9646746906770621,0.0,0.0078125200868487,0.9981166528453856,0.0,0.00776638881541632,0.9903781722267571,0.0,0.007763553975500187,1.0263452313412318,0.0,0.007652480077228053,0.9937850370246996,0.0,0.00772258684050307,1.0211255665904408,0.0,0.007690438523420901,1.0032442461252626,0.0,0.0076742527438431775,1.017458816588328,0.0,0.0076451331200275835,1.0289197231299954,0.0,0.007631058105514594,0.9543826542423802,0.0,0.007751809581868288,1.049791055183112,0.0,0.007720857321504556,0.9889233602275644,0.0,0.007797155544315196
1036.047,2928.83583,58720.56755,55791.731719999996,1.0109722926942122,0.0,0.007793680763703868,0.9644879418885803,0.0,0.00781155992848999,0.9972327320701538,0.0,0.007759719572517053,0.9892819993283233,0.0,0.007755680713262631,1.0243445361039598,0.0,0.007637971372393065,0.9913644838804037,0.0,0.007704295741910106,1.0187973494190152,0.0,0.007672875178964345,1.000231767663885,0.0,0.0076516097260334055,1.0142411816181665,0.0,0.0076212834026114125,1.0256372537790581,0.0,0.007606610116956349,0.9505114051947872,0.0,0.007722440542579086,1.0447374174950432,0.0,0.007684421034759095,0.9835236070738194,0.0,0.00775698585635531
1041.958,2938.88494,61099.33343,58160.448489999995,1.0110082829362406,0.0,0.0077942227506347704,0.9644699173822802,0.0,0.007811175276165486,0.9964681103045376,0.0,0.00775416288434619,0.9884044705199155,0.0,0.007749279880004389,1.0227208024473078,0.0,0.00762698345307339,0.989361853479599,0.0,0.007689349069269504,1.01686570880614,0.0,0.007658985971514837,0.997729164555116,0.0,0.007633131415167905,1.0115532299467942,0.0,0.007601948582148691,1.0228427200166155,0.0,0.007587017598735247,0.9468168458258749,0.0,0.007693527688546241,1.039876889717469,0.0,0.007650116404899505,0.9783387568583574,0.0,0.0077171417785820845
1047.869,2925.88021,61985.08665,59059.206439999994,1.0110695440175592,0.0,0.007795013011296278,0.964548099334017,0.0,0.007811615310317964,0.995879766130334,0.0,0.007749896619130616,0.9877896706270138,0.0,0.00774450914066873,1.021557469848847,0.0,0.007619484342527998,0.9878358761647585,0.0,0.007677874321289422,1.0153405075288178,0.0,0.007648765175808364,0.9958106666220763,0.0,0.0076189970927472185,1.0094691203249517,0.0,0.007587205515352791,1.0206628424688757,0.0,0.007572278181465813,0.9432317225134376,0.0,0.007665974569616673,1.0352862220045849,0.0,0.007618084089285171,0.9733097899446153,0.0,0.007678390725778466
1053.78,2918.57811,61401.36299,58482.78488,1.0112178774528837,0.0,0.007795989184257152,0.9647027418086216,0.0,0.007812980563573615,0.995453399177768,0.0,0.007746962694495484,0.9873892823773263,0.0,0.007741455187386829,1.0210921577548118,0.0,0.007615485196526731,0.9867556933844475,0.0,0.007670129071876086,1.014447710850468,0.0,0.007642213339864727,0.9944651425159119,0.0,0.007609457241163825,1.0080925036795656,0.0,0.007577287719620072,1.019317893260381,0.0,0.007562567504579812,0.9400492804483709,0.0,0.007640518696440595,1.031396622197603,0.0,0.00758911593591504,0.9685564645729645,0.0,0.00764156265702953
1059.691,2942.65772,59336.55247,56393.89475,1.0114199033737812,0.0,0.007797293430358492,0.9649196963893715,0.0,0.007815188562860911,0.9952615544410726,0.0,0.007745468458935157,0.9872201837252841,0.0,0.007740311622568595,1.0211270177062783,0.0,0.007615187265756734,0.9862250782504097,0.0,0.00766636531247961,1.0141292497042478,0.0,0.0076396427136627655,0.993792992979946,0.0,0.007604744195797566,1.0074194429782655,0.0,0.007572513737990762,1.018730492814972,0.0,0.007558206307037442,0.937128526059148,0.0,0.007617741759764731,1.0278839558871136,0.0,0.007563957005707405,0.9641656623638326,0.0,0.007607451905138976
1065.601,2928.17516,56152.03665,53223.86149,1.0116319403664826,0.0,0.007798896077891645,0.965317192693959,0.0,0.007817969809781852,0.9952755874687069,0.0,0.00774547150005492,0.9873208365674881,0.0,0.007741036888712303,1.021640293462137,0.0,0.007618671113834226,0.9862219892782885,0.0,0.007666736718240723,1.0143280943610529,0.0,0.007641281396144713,0.9938013331042783,0.0,0.007605079962058814,1.0074359722257733,0.0,0.007573140126447072,1.018838142846755,0.0,0.007559616043144788,0.934564322657357,0.0,0.007598067186942445,1.0246399881184731,0.0,0.007543711245351404,0.9599389909059866,0.0,0.007576668977372398
1071.512,2910.87616,52125.41303,49214.53687,1.0118560899913938,0.0,0.007800742848136238,0.9658549484191628,0.0,0.007821165147222758,0.9954765822164713,0.0,0.007747014312823041,0.9876502277378468,0.0,0.007743516969351588,1.022587864685165,0.0,0.007625653913668602,0.9868027488388919,0.0,0.007671336960334783,1.0150309178913623,0.0,0.007647309688879799,0.9945056494477389,0.0,0.007610550634630918,1.0082096862936794,0.0,0.007579260493091329,1.0197442284013056,0.0,0.007566863913149982,0.9324442917080729,0.0,0.007582498325811482,1.0222088249525918,0.0,0.007529756388313136,0.9562279698974947,0.0,0.007550449211343315
1077.422,2935.99886,47863.30064,44927.30178,1.0121566180428323,0.0,0.007802584608404377,0.966396751292693,0.0,0.007824662069279904,0.9958881551276304,0.0,0.0077500125402750735,0.9882605097848848,0.0,0.0077476583200876145,1.0240646175561883,0.0,0.007635359068548754,0.9879714811033746,0.0,0.007680214028840877,1.0164061015653785,0.0,0.007657390579007546,0.9959145723471035,0.0,0.0076211047468880905,1.009789065512561,0.0,0.007590723182797848,1.0215164138488897,0.0,0.0075795531510266575,0.9308818018117205,0.0,0.007571581463976606,1.0207821657924574,0.0,0.007522803933516488,0.9532406086598438,0.0,0.007530301540577669
1083.332,2927.06246,43575.47188,40648.409419999996,1.0124635727749203,0.0,0.007804233493054303,0.9668742978131963,0.0,0.007828242033378476,0.9964708468339185,0.0,0.007754309178240546,0.9890523146737367,0.0,0.00775333995105579,1.0259940249295643,0.0,0.007647355837491486,0.9896966731761074,0.0,0.0076931428316343795,1.0183900439913796,0.0,0.0076711682706307556,0.99803672971054,0.0,0.0076364606190438096,1.0121373868102355,0.0,0.007607214244529143,1.0241747616830876,0.0,0.007597310326587195,0.9298609194548815,0.0,0.0075662177628482135,1.0205997471189723,0.0,0.007524086314721006,0.951010149276682,0.0,0.007517694834556294
1089.242,2925.86283,39417.31237,36491.44954,1.0127465103596487,0.0,0.007805592015932245,0.9673104598979951,0.0,0.007831649629398278,0.9972680549180751,0.0,0.00775986168622779,0.9900050032426382,0.0,0.007760455733376357,1.028118105358368,0.0,0.007661404769850403,0.9919829622443753,0.0,0.007710037572902073,1.0209481458750196,0.0,0.0076885113847574025,1.0008218558155888,0.0,0.007656403220967294,1.0151768471293063,0.0,0.0076286254008965685,1.0275112623892995,0.0,0.007619982351162711,0.929814177675167,0.0,0.007567501533079034,1.0219990070846177,0.0,0.00753500563872722,0.9500322868388156,0.0,0.007514740362526957
1095.152,2932.41734,35732.9847,32800.56736,1.0128902944678935,0.0,0.007806589152158417,0.9677258214565807,0.0,0.007834848484215767,0.9981513322262633,0.0,0.007766944819172524,0.9910885448984458,0.0,0.00776925303819764,1.0302105608656484,0.0,0.007678006384290434,0.9947583085678906,0.0,0.007731023194415993,1.0238251562613665,0.0,0.0077096797764013205,1.0041328118185757,0.0,0.0076810985320723115,1.0187823700046952,0.0,0.007655216856220601,1.0313077922772431,0.0,0.007647873121469036,0.9306409183382272,0.0,0.007576739787022907,1.0247767936424923,0.0,0.007556377120287528,0.9506696738097766,0.0,0.007523189270000745
1101.062,2934.43412,32766.08179,29831.64767,1.0129171789921265,0.0,0.007807226494785791,0.9680145656572446,0.0,0.007838292213260649,0.9991278526955987,0.0,0.007776328404119117,0.9922953019268325,0.0,0.007780479318571968,1.0323984890633318,0.0,0.007698650171061967,0.997880303561331,0.0,0.007756987644428891,1.0269455337275457,0.0,0.0077354727734793155,1.0078591209723404,0.0,0.007711581564827822,1.0227986646077885,0.0,0.007688302159500369,1.0355090215071416,0.0,0.00768241863010437,0.9325059849635648,0.0,0.007595684725514034,1.029104984137495,0.0,0.007589034393976944,0.9529736235698565,0.0,0.007544880767416559
1106.972,2931.89576,30692.92665,27761.03089,1.0128655519367025,0.0,0.007807659032975766,0.9682630502245484,0.0,0.007842718243963362,1.00027197117891,0.0,0.007789217264566445,0.9936770108026062,0.0,0.0077955298203125885,1.0348398590648948,0.0,0.007726362927705579,1.001452480391019,0.0,0.0077895566890043766,1.030461005633441,0.0,0.007767739333869607,1.012068950098772,0.0,0.007749879720824175,1.0274035719161039,0.0,0.007730501140358607,1.0402606496836655,0.0,0.007726427722061298,0.9356707006055691,0.0,0.0076267851303350965,1.0350368989899672,0.0,0.007634127956093922,0.9573160562938837,0.0,0.007581975431434617
1112.882,2934.5906,29529.60433,26595.01373,1.0127615431167443,0.0,0.007808225454348204,0.9686203497456692,0.0,0.007848920525629396,1.0018502876021411,0.0,0.007806530836144762,0.9955084223430833,0.0,0.007815747024686188,1.0381857829692394,0.0,0.007765054708507406,1.0057211398872394,0.0,0.007830163823008718,1.0347221787385579,0.0,0.007808363629870573,1.0171267941989213,0.0,0.007798083847987239,1.0330083251893059,0.0,0.007784352004618871,1.0460978615135064,0.0,0.007783067606240969,0.9404059971582361,0.0,0.007671587072568649,1.0425578308844488,0.0,0.007691632154459651,0.9637287793915071,0.0,0.00763569212082849
1118.791,2924.159,29241.84834,26317.68934,1.0127353593007755,0.0,0.007809368862705307,0.9693738457256074,0.0,0.007857251505869176,1.0043319054253659,0.0,0.007828241716900365,0.9982883873754171,0.0,0.00784145418689797,1.0434603275517058,0.0,0.007816863978028412,1.0113782512280278,0.0,0.007878347507130148,1.0403992627859995,0.0,0.0078575668969656,1.0238373263259892,0.0,0.007856253741232657,1.040643732125927,0.0,0.007849752051298236,1.054158024326155,0.0,0.007852894575488014,0.9472089152418386,0.0,0.007729363448744546,1.0518770177871077,0.0,0.007759475968100129,0.972497984866252,0.0,0.007704237663721945
1124.701,2916.97861,29466.39457,26549.41596,1.0128563406291669,0.0,0.007811373797136839,0.970700589369015,0.0,0.007867689848187058,1.0080687936590382,0.0,0.007853496968082673,1.0024961789011222,0.0,0.007871780661360616,1.0520313308262244,0.0,0.007880930697596699,1.0190574391148912,0.0,0.007932156599469218,1.048405043145535,0.0,0.007913768828339527,1.033118212458932,0.0,0.007922331383750683,1.051491279830191,0.0,0.007924342329113735,1.0657583913317457,0.0,0.00793365614832127,0.9566638482410497,0.0,0.007797248375081012,1.0635358982892857,0.0,0.007833444091482697,0.983942218766974,0.0,0.007783728573444468
1130.61,2924.12423,29416.51267,26492.38844,1.013260851317762,0.0,0.007814332636317485,0.9726723156011198,0.0,0.007879957612095622,1.0128475456991903,0.0,0.007881125246941572,1.0080640258147842,0.0,0.007905384517296494,1.0644706683812142,0.0,0.007954760157378938,1.0285900095952127,0.0,0.00798894931607999,1.0587376776800275,0.0,0.00797435813458389,1.044977304334662,0.0,0.007993230138417658,1.0653970445850183,0.0,0.008004518693655335,1.0810295665019003,0.0,0.008021649458884918,0.9684253556992789,0.0,0.00787109114797529,1.076752032528775,0.0,0.007908640962450413,0.9977211335971068,0.0,0.007868719086511664
1136.519,2916.90907,27886.36847,24969.4594,1.0139285705261853,0.0,0.007818277524721652,0.9749279313117191,0.0,0.007893411793092955,1.0176877095157097,0.0,0.007909438955648615,1.0140514736035922,0.0,0.00794026115897482,1.0788875588326448,0.0,0.008034051013671377,1.0381955628686321,0.0,0.008045382697378289,1.0695950183841123,0.0,0.008035702594126231,1.0574169988316349,0.0,0.008064738964156055,1.0797730950927236,0.0,0.008085450301536486,1.0972864048670958,0.0,0.008111681165706928,0.980433713804244,0.0,0.007946100274126438,1.0893747562270732,0.0,0.007979966014303879,1.0115233475542833,0.0,0.00795331790725778
1142.428,2931.2351,24957.61666,22026.38156,1.014737766891256,0.0,0.007822868181627946,0.9770384843216942,0.0,0.007906741397780742,1.0218536057956853,0.0,0.007935716288136262,1.0193844323888892,0.0,0.007973221352158985,1.0925918793004432,0.0,0.008112251586079689,1.0463888240334056,0.0,0.008096581681123425,1.0792256931943693,0.0,0.008092667435885114,1.0683868830993561,0.0,0.008130897060639266,1.0923600083601661,0.0,0.00816015967517337,1.1118196015533734,0.0,0.008196134226498994,0.9910105239468763,0.0,0.008015986748113928,1.0995342511601256,0.0,0.008041833698832957,1.0235444248461345,0.0,0.00803055155139509
1148.337,2922.12485,22719.48633,19797.36148,1.015552336463434,0.0,0.007827673911223423,0.9788684988996622,0.0,0.007918249647356535,1.0251330758812682,0.0,0.007956534938836739,1.023693663038144,0.0,0.008000140773102746,1.1042057562672745,0.0,0.008180085072528365,1.0526507172804027,0.0,0.008136392280884173,1.0868223888635717,0.0,0.008138346446204248,1.0770128977647857,0.0,0.008183847869726469,1.1021743841188587,0.0,0.008219292340972554,1.1234044064696325,0.0,0.008264709835843822,0.9993098266763075,0.0,0.00807317787355897,1.1066361266364515,0.0,0.008087464701280741,1.0327693204340278,0.0,0.008092884120143112
1154.246,2922.15962,22483.4459,19561.28628,1.016343713176317,0.0,0.00783198845451246,0.9802514527809416,0.0,0.007926237623448964,1.0273281713412208,0.0,0.007968959490911106,1.026661990743074,0.0,0.00801714031939752,1.112682892969672,0.0,0.008227425626059841,1.0565954385051564,0.0,0.008159199188053523,1.0917860206542727,0.0,0.008166070274286365,1.0826295728898403,0.0,0.008215949369962283,1.10848346164313,0.0,0.008254102593915392,1.1311676729240003,0.0,0.008307214905390626,1.0050503089641198,0.0,0.00811085990621223,1.110470478828884,0.0,0.008111602530933402,1.0388343051418305,0.0,0.00813334739939945
1160.154,2925.88021,23643.70064,20717.82043,1.0169039217640692,0.0,0.007835214170310913,0.9808972528786583,0.0,0.0079298366466061,1.0279773709142028,0.0,0.007972428421809513,1.0277300877062676,0.0,0.00802258492823927,1.1169330697719753,0.0,0.008248511953569067,1.057533777054413,0.0,0.008163373076687758,1.0933890967356967,0.0,0.008173120910642432,1.0844387850662809,0.0,0.008224051120978137,1.1103161421675507,0.0,0.008261552772267335,1.1339566442592803,0.0,0.008319418330224756,1.007438426599664,0.0,0.008126780817329548,1.110784767159551,0.0,0.008113270118283783,1.0410648206375668,0.0,0.008149581923224543
1166.063,2919.8299,25119.55067,22199.72077,1.0172202006190068,0.0,0.007837097609758642,0.9806494399603817,0.0,0.00792926908171135,1.0268023042577152,0.0,0.007968058363641346,1.026541958004354,0.0,0.008017336634933196,1.1157637577159283,0.0,0.008243596568882447,1.0549464164150644,0.0,0.008150912783327842,1.0908965712014351,0.0,0.008160957959522742,1.0816216677083974,0.0,0.008209868864213626,1.1066371756911215,0.0,0.00824394178815444,1.1305546099112418,0.0,0.008303268591530789,1.0059522633380213,0.0,0.008122405298635754,1.106983777036778,0.0,0.00809535899793704,1.0392801100744409,0.0,0.00814295424813282
1171.971,2940.95388,26682.22011,23741.266229999997,1.0171786878209168,0.0,0.007837691324539731,0.9795778992998044,0.0,0.007925029170529625,1.0240276880301076,0.0,0.007957422238905358,1.0232488745495782,0.0,0.00800319335878291,1.1089491188460254,0.0,0.008216007741155355,1.0491502769262007,0.0,0.00812503429559092,1.08452693647828,0.0,0.008132819777092827,1.0743825902400068,0.0,0.008177160180447274,1.0978603634246868,0.0,0.008205745516827354,1.1211920645592255,0.0,0.008263445215832405,1.0009004583075707,0.0,0.008101247376268435,1.099735036182409,0.0,0.00806214370017208,1.0336438076406311,0.0,0.008117258765773142
1177.88,2915.51819,28052.74185,25137.22366,1.016857693322588,0.0,0.007837129847116351,0.9780392770841044,0.0,0.00791803784825345,1.020809201618456,0.0,0.0079423482983185,1.0189148717348424,0.0,0.007982527186127098,1.0986990545512219,0.0,0.00817124480965204,1.0419582942855852,0.0,0.008089684126891298,1.07615366119276,0.0,0.008093183119494739,1.0648382814260617,0.0,0.008131096813353063,1.0867209766737242,0.0,0.008152886973166757,1.1088172653366632,0.0,0.008206351145357718,0.9941546621116236,0.0,0.008067362511874053,1.090962561208634,0.0,0.0080183412942632,1.0259361069336248,0.0,0.008077041521318058
1183.788,2925.51511,28986.12045,26060.60534,1.0164480308347292,0.0,0.00783597383647186,0.9765478260072763,0.0,0.007909701077169961,1.017921240908641,0.0,0.007925294683590633,1.0146963931561555,0.0,0.007958626669355671,1.087973667682913,0.0,0.008116654712109638,1.0351559567007103,0.0,0.00804987896798593,1.0679114730496237,0.0,0.00804774924467332,1.055395798200522,0.0,0.008078162405463721,1.0759363703798277,0.0,0.008092752355215005,1.09655991945337,0.0,0.0081401514948003,0.9872396175349807,0.0,0.008026086436125644,1.0824800524068228,0.0,0.007968872387245626,1.0176604773173632,0.0,0.008027942623769
1189.696,2922.12485,29445.59197,26523.46712,1.016091461299131,0.0,0.007834811580817624,0.9752031071656856,0.0,0.007901633252278014,1.0155622368131088,0.0,0.007909048565802884,1.0110601782831687,0.0,0.00793516757096178,1.078284886824425,0.0,0.008060954105490277,1.0293214415464327,0.0,0.008011138835196715,1.0606476893722836,0.0,0.008002917018865354,1.047051425850024,0.0,0.008025731743274145,1.066553334866104,0.0,0.008033813175563644,1.085775806724342,0.0,0.008074471979269377,0.9810755210543276,0.0,0.00798327220564601,1.075009948107824,0.0,0.007919158944380951,1.009957268268154,0.0,0.007975563849873161
1195.604,2916.26579,29716.60472,26800.338929999998,1.015833861588874,0.0,0.007834319982319298,0.9742074736072461,0.0,0.00789516213744196,1.0137639961307092,0.0,0.007895976032188279,1.0082019271470162,0.0,0.00791546763759875,1.070626227320288,0.0,0.008012651439030552,1.0247275086160692,0.0,0.00797827564946913,1.054915209824431,0.0,0.007964494912456618,1.0404350813795342,0.0,0.007980526490518966,1.0591886817668605,0.0,0.007983636294404108,1.077220213974441,0.0,0.008018077556195592,0.9758476792068197,0.0,0.00794412171855832,1.068763711090105,0.0,0.007873739434611648,1.0031300569928752,0.0,0.00792511138417045
1201.512,2923.55049,30010.10696,27086.55647,1.0158542021535297,0.0,0.007834943284598333,0.9736901368548183,0.0,0.007891115346824011,1.0126318004040575,0.0,0.007886842876704622,1.006380945466564,0.0,0.007901322781195519,1.0656433663722358,0.0,0.007977131072524526,1.0216497046473179,0.0,0.00795374554604656,1.051125598617526,0.0,0.007935844719913482,1.0359503534733046,0.0,0.00794645780885552,1.0542358465410016,0.0,0.007946227484898994,1.0714054388323562,0.0,0.007975934583162342,0.971865908324664,0.0,0.007911457889371696,1.0636826006811784,0.0,0.007835134306740224,0.9974755781202291,0.0,0.007879871290942583
1207.42,2907.24251,30374.58061,27467.3381,1.0161648102049763,0.0,0.007836865872778414,0.9736748271907625,0.0,0.007889515814100866,1.0121833539644003,0.0,0.007881447753536634,1.0055871128344314,0.0,0.007892998801894459,1.0634306841127228,0.0,0.007956040174773487,1.0200224576042585,0.0,0.007937668860596775,1.049192739016402,0.0,0.007917594034021955,1.0335946720675224,0.0,0.007924315670033441,1.0516717209926862,0.0,0.007922161534244836,1.0684948734364652,0.0,0.00794901604141036,0.9690541336454102,0.0,0.00788633591416171,1.0596487740379632,0.0,0.007803916411187588,0.9927790440204576,0.0,0.007841657778527744
1213.327,2924.29809,30860.79414,27936.49605,1.016732290041914,0.0,0.007840012987134201,0.9739836380492568,0.0,0.007890280660349153,1.0122644642485032,0.0,0.007879190235721957,1.005651904429551,0.0,0.007889950065615816,1.0635667226300902,0.0,0.007948787781673197,1.019524344795643,0.0,0.007929229186223137,1.048785925431249,0.0,0.007909109359054093,1.0329741397961114,0.0,0.007913378145851357,1.051066446295242,0.0,0.007910434966139948,1.0679056935146896,0.0,0.007936283091648932,0.9671598133419318,0.0,0.007868327676426921,1.0564885316708026,0.0,0.007779511874134485,0.9888528882332066,0.0,0.007810477369067058
1219.235,2934.34719,31318.03158,28383.68439,1.0174236851918808,0.0,0.007844219158570406,0.9745408375545003,0.0,0.007892957101637706,1.0125907984417066,0.0,0.007879499199778588,1.0062799754185512,0.0,0.007891322049526606,1.0653261692705334,0.0,0.007953243644180527,1.0198445775821405,0.0,0.007927100098591813,1.0495026796643003,0.0,0.007908843976568044,1.0336310382326683,0.0,0.007911839404970013,1.0518342979595232,0.0,0.007908952484123434,1.0689969076564108,0.0,0.00793554663530657,0.9660043440495324,0.0,0.00785647742828392,1.0542044181740065,0.0,0.007760818975894962,0.9857726512624247,0.0,0.0077856037670337355
1225.142,2910.11118,31381.13773,28471.02655,1.0181938439249798,0.0,0.007849025720640387,0.9751650343000091,0.0,0.007896877871677001,1.0130664787771853,0.0,0.007881548133643303,1.0072609966834272,0.0,0.00789576862970736,1.0681578780290328,0.0,0.007966005404264847,1.020662937187391,0.0,0.007929311635000325,1.0509343203884498,0.0,0.007914299796140804,1.0351133840505247,0.0,0.007916960728607925,1.053492964681265,0.0,0.007914707256494046,1.071124932701271,0.0,0.007943423570706569,0.9655890147085777,0.0,0.007849144123498858,1.0527557143917892,0.0,0.0077465726169113885,0.9837351115100064,0.0,0.007765814319489253
1231.049,2915.95284,30322.63494,27406.682099999998,1.0189492097737007,0.0,0.007853918485733061,0.9758643146759557,0.0,0.007901349355720644,1.013530825915429,0.0,0.00788438592279703,1.0083368938836483,0.0,0.007901885803052443,1.0714709570496466,0.0,0.007983471656648183,1.0217131341148291,0.0,0.007934002317795166,1.0527550751951522,0.0,0.007923138632607836,1.0370325475014044,0.0,0.007925984120573902,1.055617381027758,0.0,0.007924680273230957,1.0737446049051276,0.0,0.0079562531275037,0.9655556744045163,0.0,0.007844872278532693,1.0517729971338625,0.0,0.007735743962468249,0.9822757825807467,0.0,0.007750068840736541
1236.957,2915.72682,27176.4504,24260.72358,1.019653290642503,0.0,0.00785849448266704,0.9765212498528003,0.0,0.007905983400613145,1.0140420151778025,0.0,0.007887440352513892,1.009427452098722,0.0,0.007908669743421035,1.07481269843281,0.0,0.00800297240756691,1.0228081510045324,0.0,0.007939877404649716,1.0546683457336234,0.0,0.007933585926795498,1.039025579791828,0.0,0.007936891841794419,1.0578061498313645,0.0,0.007936668667716279,1.076524345770135,0.0,0.00797142329499402,0.9656349067717743,0.0,0.007842664884549598,1.0509651370377522,0.0,0.00772756705402605,0.9810476574802,0.0,0.007737846150075166
1242.864,2939.47607,23386.17731,20446.70124,1.020218818074826,0.0,0.007862618560842832,0.9770796319354689,0.0,0.007910525377215706,1.014475518559613,0.0,0.007890614190300977,1.010352854261133,0.0,0.00791566486447674,1.0776335792322693,0.0,0.00802318372700131,1.0236433892549484,0.0,0.007946441988413194,1.056200710990237,0.0,0.007944847575465416,1.0406415356510943,0.0,0.0079487620191768,1.0596026277196295,0.0,0.007949742954871311,1.0788482546205236,0.0,0.007987670224907071,0.9655459248050875,0.0,0.007842312117620777,1.0501178301412402,0.0,0.00772172481883787,0.9799068123971552,0.0,0.0077287722237326445
1248.77,2901.78335,21658.38857,18756.605219999998,1.0206077030901044,0.0,0.007866258753017195,0.9775404130367166,0.0,0.007915176370695517,1.014736917783353,0.0,0.007894101727277336,1.011051279366815,0.0,0.007922960536712516,1.0798409662806658,0.0,0.0080440457214249,1.0242510753432053,0.0,0.007953798974967646,1.0574148012961335,0.0,0.007956925622148546,1.0418601867209323,0.0,0.007961565264258697,1.0609723492488303,0.0,0.007963911487584921,1.0806173580114817,0.0,0.00800504545230316,0.9653725752517982,0.0,0.007843579634061015,1.0493381948263316,0.0,0.007718096471088388,0.978800451299149,0.0,0.007722246182631506
1254.677,2926.69735,22279.00082,19352.303470000003,1.0208875404647866,0.0,0.007869538692568163,0.9779897573087962,0.0,0.007920050628131222,1.015012970494032,0.0,0.007898358954816791,1.0117116607628471,0.0,0.007930961426811963,1.0818885021417826,0.0,0.008066363990622265,1.0248206945122176,0.0,0.007962491324760786,1.0585042072193565,0.0,0.007970284023054946,1.0429657183425631,0.0,0.007975874438418244,1.062246573977503,0.0,0.007979862307841297,1.0822397912789201,0.0,0.00802442056049579,0.9652574386277663,0.0,0.007846770545250521,1.0487028309965185,0.0,0.007716939574454021,0.9780017723416384,0.0,0.00771841567863807
1260.584,2923.70697,23802.53857,20878.8316,1.0211685691660513,0.0,0.007872601876557396,0.9784673640267303,0.0,0.007925338991031192,1.015446753166066,0.0,0.007903641430516493,1.01252836895039,0.0,0.007940185709493066,1.0843155579284796,0.0,0.008091441589846808,1.0257625039406588,0.0,0.007973336792824921,1.0599784902624378,0.0,0.007985871757510551,1.0445042359683518,0.0,0.007992848690250506,1.0640271065901332,0.0,0.00799892631074368,1.0843484244996393,0.0,0.00804707130046656,0.9657003227055752,0.0,0.007852727951860533,1.0486416929991462,0.0,0.007719138381558388,0.9777169596751859,0.0,0.007718095834164424
1266.49,2913.25803,24747.98937,21834.73134,1.0214993334806073,0.0,0.007875661081701773,0.9791858055673774,0.0,0.007931194556223044,1.0162047134231227,0.0,0.007910354307361747,1.0137778576277086,0.0,0.007951208233966785,1.0877586033342381,0.0,0.008120887377673178,1.0272952091209262,0.0,0.007987354812611945,1.062169560729935,0.0,0.008004909070748845,1.0468412808585796,0.0,0.008013877946505465,1.066706243990883,0.0,0.008022631431979087,1.0875425634446494,0.0,0.008074723602919408,0.9666813848265395,0.0,0.00786275207595091,1.0493009576558698,0.0,0.007725910089402671,0.9779413930675218,0.0,0.007722483352176022
1272.397,2920.43841,24722.31192,21801.87351,1.0219275706429918,0.0,0.007878988340075424,0.9800780970285463,0.0,0.007937667869222082,1.0173616609862894,0.0,0.007918889259632887,1.015483690850881,0.0,0.007964553762957995,1.0924399140411456,0.0,0.008156238627494369,1.0295492266702275,0.0,0.00800527106916853,1.0651813266163324,0.0,0.0080283808431949,1.050139889966395,0.0,0.00804016514765852,1.0704927846793,0.0,0.00805241537310625,1.0920518975044262,0.0,0.008109059755421118,0.9683056632187259,0.0,0.007877860053121305,1.050671449896304,0.0,0.007738379558067178,0.9788751203282661,0.0,0.007732761311778089
1278.303,2915.55296,23873.76425,20958.21129,1.022434825846796,0.0,0.007882650880071767,0.9810930252577578,0.0,0.00794459429986082,1.018795412308642,0.0,0.00792926452182399,1.0176670447778868,0.0,0.007980257443661914,1.0983741625830672,0.0,0.00819797883691192,1.0325852646250946,0.0,0.008027453465100282,1.0691683677638903,0.0,0.008056671994252532,1.0545741592815854,0.0,0.008072348450192375,1.0755848429536683,0.0,0.008088870485812718,1.0979267410555116,0.0,0.008150834289803913,0.9707691147036999,0.0,0.00789883115702205,1.0530587466306816,0.0,0.007757573076162417,0.9807637044990625,0.0,0.007749722748120062
1284.209,2918.49118,22551.95143,19633.46025,1.0229967402747795,0.0,0.007886556979955961,0.9821417521856487,0.0,0.007951635263029161,1.0205160517016234,0.0,0.007941315792248781,1.0201987268454167,0.0,0.007998026268134744,1.1052991411560809,0.0,0.008245440481279585,1.0362805360689453,0.0,0.00805335810127242,1.0739096001260213,0.0,0.008089293018746852,1.059904538564083,0.0,0.008109862721615397,1.0817095313971645,0.0,0.008131437655632408,1.1049765624996593,0.0,0.00819949179123844,0.9741849083065538,0.0,0.00792538643071555,1.0565655592190426,0.0,0.007783741404662271,0.9838019830874061,0.0,0.007773720315400014
1290.115,2922.73335,20910.98967,17988.25632,1.0236290319859926,0.0,0.007890293843595877,0.9831365745932104,0.0,0.007957820501475078,1.0224170321736175,0.0,0.007954128968769007,1.022972176283909,0.0,0.008016548107859452,1.1130549592897585,0.0,0.00829583231054225,1.0404024553457079,0.0,0.008081344369871074,1.0792487129865407,0.0,0.00812427170815295,1.0659395182125628,0.0,0.008150664392927416,1.088748234092318,0.0,0.00817794457345718,1.1130611505484498,0.0,0.008252338982903897,0.9783929214026286,0.0,0.007956918224482563,1.0612110867971156,0.0,0.007816476950273071,0.9879250650082515,0.0,0.0078049206456076705
1296.021,2907.15558,19094.13927,16186.98369,1.0242133230402894,0.0,0.007893310253597968,0.983977637837666,0.0,0.00796196041368814,1.0243490743087051,0.0,0.007966316750930182,1.0257389772531613,0.0,0.008033900570634215,1.1211051926634727,0.0,0.008344526970822334,1.044817969329538,0.0,0.00810867621816172,1.08482120118443,0.0,0.008158508896237192,1.0724459359471732,0.0,0.008191278755988827,1.096243854866828,0.0,0.008224559976674681,1.1217120159778375,0.0,0.008304933704873995,0.9833307404916173,0.0,0.007991876387816168,1.0669780737526695,0.0,0.007854859788863171,0.9930598734204645,0.0,0.007842595771411586
1301.927,2923.93298,17247.93588,14324.002900000001,1.0247155171709885,0.0,0.007894927122939712,0.9845542576172643,0.0,0.00796270850374657,1.0262910007341939,0.0,0.007976216469819499,1.0284003755990607,0.0,0.008047581799431233,1.1289077783507038,0.0,0.008385765564538754,1.0491153523061278,0.0,0.008131751878430722,1.0903232190082783,0.0,0.008187791381554843,1.0788676728364488,0.0,0.008226922199163308,1.1037243649877684,0.0,0.008266132175267345,1.1303242769726407,0.0,0.008351430163484549,0.988586169812686,0.0,0.008027576789501008,1.073558050359194,0.0,0.007897077891657084,0.9990216290712102,0.0,0.007884974984580123
1307.833,2919.25617,15386.65086,12467.39469,1.0248926059071426,0.0,0.007894561533627813,0.9845329274528664,0.0,0.007958925636584296,1.0277345566198703,0.0,0.007982236054604566,1.0303224953276144,0.0,0.008055303127592986,1.1351038562831812,0.0,0.008413659824246847,1.0525246345626398,0.0,0.008147011912708078,1.0947074364823624,0.0,0.008208032065355622,1.0842160079439915,0.0,0.008252975323774949,1.1100776295442993,0.0,0.008297418886574396,1.137477200776834,0.0,0.008385747763102847,0.9938560929276065,0.0,0.008060816470238036,1.0804703368089712,0.0,0.007940280199601307,1.0056405640862534,0.0,0.007929316082705676
1313.738,2918.78675,13641.03508,10722.248329999999,1.0246666325605536,0.0,0.007891603065715598,0.9836570399249334,0.0,0.007949878593164206,1.0283287476421747,0.0,0.00798299080444618,1.030983782314613,0.0,0.008055195709954895,1.1381906050153971,0.0,0.008423036601010264,1.0541886967804452,0.0,0.00815158780731854,1.097029443024127,0.0,0.008215655940334795,1.087343040875581,0.0,0.008265375839101514,1.1139653414565935,0.0,0.00831370169216901,1.1417479794417489,0.0,0.00840239341422903,0.9984332827052529,0.0,0.008088559552230416,1.0872179386339882,0.0,0.007981518272554035,1.01232251482215,0.0,0.007972841277331824
1319.644,2930.81783,12028.86888,9098.05105,1.0239030298497565,0.0,0.007885922070069442,0.9817397470872763,0.0,0.007935248079616921,1.0277036019605617,0.0,0.007977661652654306,1.029887805625646,0.0,0.008046093765805598,1.137119563957278,0.0,0.008410415235581543,1.0533878109961055,0.0,0.00814329211819494,1.0964075206642816,0.0,0.00820828170497274,1.0872238993092238,0.0,0.008261009850154167,1.1143542118518397,0.0,0.008311758435778157,1.14186065172851,0.0,0.00839749754543183,1.0015364095187291,0.0,0.00810816270949705,1.0932570090562783,0.0,0.008017775641341906,1.018387315062855,0.0,0.008012612454007795
1325.549,2911.48466,10588.48474,7677.00008,1.022664765589311,0.0,0.007877290285904611,0.9788714737687098,0.0,0.007915142753430192,1.0259327310528998,0.0,0.007965479447090631,1.0270958050459096,0.0,0.008027197216360464,1.131506976851411,0.0,0.008373638468795654,1.0500373502609246,0.0,0.008120848254795743,1.0927378886021228,0.0,0.008184263553695524,1.0837694536710145,0.0,0.0082380036330934,1.1108868684959023,0.0,0.00828927465170574,1.1374028246537353,0.0,0.008368424361871416,1.0028315063426734,0.0,0.008117459711590076,1.0977009394754884,0.0,0.00804618143565252,1.0231673247989717,0.0,0.008045762140113337
1331.454,2932.5912,9482.32991,6549.7387100000005,1.0209425845908904,0.0,0.007866228565510485,0.9753154300579537,0.0,0.007890346056438785,1.0230961882995657,0.0,0.007946810979010215,1.0228762254533637,0.0,0.007998926585833618,1.1218648372839817,0.0,0.00831306764676876,1.0445275923391157,0.0,0.008084670900736893,1.0863405938155895,0.0,0.008143997716452628,1.0772985106544313,0.0,0.008196377503588209,1.1039332403745252,0.0,0.008246191700766596,1.1287894139802286,0.0,0.008315305778935318,1.0023024446139481,0.0,0.008115072110583528,1.100476206941707,0.0,0.008064813438678355,1.026566060201225,0.0,0.008069668809233755
1337.359,2939.3196,8675.01739,5735.697790000001,1.0190546745749158,0.0,0.007853391298324321,0.9713295984987318,0.0,0.007862338845789626,1.0195536760376371,0.0,0.007922792508997077,1.0176086634963701,0.0,0.007963126037828795,1.109246886514888,0.0,0.008232368825843179,1.0373394635939948,0.0,0.008036841533225949,1.0779615401149716,0.0,0.008089848750966692,1.0684466476798578,0.0,0.008138700319926102,1.094431614320716,0.0,0.008185107582560587,1.1170859719987793,0.0,0.008241190347514055,1.0002251195591796,0.0,0.008101153375513577,1.1015007815235789,0.0,0.008072811446608045,1.028368109488222,0.0,0.00808291748994397
1343.264,2911.05002,8140.6219,5229.5718799999995,1.0168773946113512,0.0,0.007839682223642817,0.9671732575785423,0.0,0.007833156246846183,1.0153289321387917,0.0,0.007895442178405574,1.0115210283530598,0.0,0.007922763627109138,1.0943544519166468,0.0,0.0081380725927906,1.0288823663952715,0.0,0.007981453021117505,1.0679810548125883,0.0,0.008026410295743469,1.057793754630049,0.0,0.008070052087349818,1.082756454979655,0.0,0.008111337188485146,1.1028533966584786,0.0,0.008152365417202646,0.9965985055510115,0.0,0.008077728161103071,1.1006048264703694,0.0,0.008070277495581594,1.02845140813263,0.0,0.00808554781202785
1349.169,2921.15123,7904.00058,4982.84935,1.0148479710420995,0.0,0.007826078839194827,0.9630962500587809,0.0,0.007804857953589539,1.0109358721288775,0.0,0.007866882535978266,1.0050697479457966,0.0,0.007881121497733352,1.0781950095088213,0.0,0.00803847140458419,1.0199110028564797,0.0,0.007923296115507529,1.0572513501760414,0.0,0.007959301906591339,1.0460860691485623,0.0,0.007996592599281222,1.0698993643881134,0.0,0.008031798888270825,1.0872861292946487,0.0,0.008056953772640207,0.9917984123245257,0.0,0.008047884755401736,1.0982109290568773,0.0,0.00805951383195837,1.0268645355008963,0.0,0.008079250642708324
1355.074,2932.48689,7817.55358,4885.06669,1.0130097060648802,0.0,0.00781355664906658,0.9594448821685054,0.0,0.007779022543186523,1.0067159030333337,0.0,0.007839247599709826,0.9990049343707047,0.0,0.00784095548933512,1.062370652747186,0.0,0.007940870160364837,1.0110708564264204,0.0,0.00786648043193848,1.046658993444142,0.0,0.00789342588560565,1.0345101806247963,0.0,0.00792376129563703,1.056999561615294,0.0,0.007952628632677506,1.0717172536433488,0.0,0.0079622270846171,0.9864378483364757,0.0,0.008014806843968748,1.0948332979316135,0.0,0.008042815360807812,1.024084488824423,0.0,0.0080660208678235
1360.978,2917.69143,7775.96503,4858.2736,1.0114544554321214,0.0,0.007802404386726673,0.9565114693336556,0.0,0.00775662478009069,1.003092606974152,0.0,0.007813833209182715,0.9938340727364293,0.0,0.007804239648778025,1.0485242684236338,0.0,0.007850569506192768,1.0034554546463705,0.0,0.007814039242772804,1.0373958021286136,0.0,0.007832397093586182,1.0243414517297156,0.0,0.007855796711904386,1.045557474645375,0.0,0.007878277435004997,1.0579311080502978,0.0,0.007873525577912968,0.981348107878991,0.0,0.007980969030051578,1.0908442898293609,0.0,0.008022357830816083,1.0207224743624799,0.0,0.008047943972642196
1366.883,2931.4785,7792.33949,4860.86099,1.0103121635671652,0.0,0.007793349823695871,0.954407675886428,0.0,0.007738305609588045,1.0002335456540048,0.0,0.007792010779089755,0.9898989631654598,0.0,0.0077727286593093,1.0379274517846058,0.0,0.00777188603241319,0.9976093065281443,0.0,0.007768448709288209,1.0303123242012786,0.0,0.007779155307083078,1.0164798493456886,0.0,0.0077959716286197705,1.03671110183133,0.0,0.007812618386791245,1.0472495786940847,0.0,0.007795386861343412,0.9771118836447759,0.0,0.007949016202813082,1.087452241728473,0.0,0.0080007338666947,1.0175767951874404,0.0,0.008027520884822243
1372.787,2941.35376,7832.7794,4891.42564,1.0095717649473481,0.0,0.007786366190411221,0.9529807877325972,0.0,0.007724349765268725,0.998229092975914,0.0,0.007774382615716235,0.9869979289840533,0.0,0.007747652882988506,1.0301643441026318,0.0,0.007708021066619382,0.9933086508974476,0.0,0.007731146742380511,1.0250614029056258,0.0,0.007735636112868835,1.0105843293612122,0.0,0.007746847945734539,1.0301007044787263,0.0,0.007758352997265576,1.0392833747178862,0.0,0.007730852753280856,0.9737952624845005,0.0,0.007920920095686656,1.0845766406183934,0.0,0.007979973529826045,1.0148208704985822,0.0,0.00800712720603873
1378.692,2917.91745,7907.9853,4990.06785,1.0089278227713734,0.0,0.007781333690380983,0.9519667929605221,0.0,0.0077146009126652535,0.9966847225618185,0.0,0.00776119329694716,0.9848122302644,0.0,0.007729065315023454,1.0244056061766276,0.0,0.007660294572238896,0.9900640982673797,0.0,0.007702995285888069,1.0211913384360027,0.0,0.007702813273884312,1.006190429079007,0.0,0.0077094725959664205,1.0250932317436816,0.0,0.0077169091196067985,1.0332730497128007,0.0,0.00768169979688115,0.9710630388107214,0.0,0.007898090079234529,1.0820220009824115,0.0,0.007961670128743215,1.012319721289054,0.0,0.007988595201708257
1384.596,2922.78551,8065.05609,5142.27058,1.0086553661866196,0.0,0.0077781517899661165,0.9513363842914035,0.0,0.007708419270711786,0.9956921779938174,0.0,0.007752110365084269,0.9833738295826185,0.0,0.007716367289463366,1.0204280034525959,0.0,0.007627498190331163,0.9877828192604736,0.0,0.007683102839231463,1.0184544812476795,0.0,0.007679894082487811,1.0029933974700267,0.0,0.007682958991006628,1.021524190440462,0.0,0.007687454041925813,1.0290211200409576,0.0,0.007646956774192241,0.969060942682692,0.0,0.007880726110226197,1.0800154174986707,0.0,0.007946750793999749,1.0103201063646554,0.0,0.007973016329607521
1390.5,2924.59365,8229.25214,5304.658490000001,1.0085064577985599,0.0,0.007776378915472062,0.9510314604402668,0.0,0.007704882408197295,0.9950732982212669,0.0,0.007746290261740794,0.9826708048365983,0.0,0.007708165102941499,1.0181911754681385,0.0,0.007606398681553501,0.9862835405311795,0.0,0.007669558952749218,1.0167689262135837,0.0,0.007664578989157867,1.0010882986595633,0.0,0.007664799517592018,1.0192925892801197,0.0,0.007667346192740696,1.0263086737269176,0.0,0.007623439421531239,0.967584645243006,0.0,0.007867776194159194,1.078443828825877,0.0,0.007934542123500076,1.0087593426210166,0.0,0.007960107799966996
1396.404,2924.26332,8383.31274,5459.049419999999,1.0084399263686856,0.0,0.007775571968706517,0.9510170254948708,0.0,0.0077032118040556525,0.9948475909844587,0.0,0.007742722210993626,0.9824015849046188,0.0,0.007703359183528601,1.0175295945464167,0.0,0.007594018422832685,0.9856925152535694,0.0,0.007660582661893582,1.016126532827304,0.0,0.007654917287986904,1.000273997341448,0.0,0.007652835229480555,1.0183498621546676,0.0,0.007654197112732405,1.0252732520933407,0.0,0.007608302483185009,0.9667624997783433,0.0,0.007858071582055672,1.077405586326471,0.0,0.007924310045199884,1.0076320617554395,0.0,0.0079493341753925
1402.307,2926.87121,8545.9922,5619.120990000001,1.008565119351882,0.0,0.007775681658165951,0.9511674566061475,0.0,0.007702951678461668,0.994919397155293,0.0,0.007740915659598985,0.9824915584118104,0.0,0.007701167528363166,1.0177106817777093,0.0,0.007588302097119141,0.985522553087631,0.0,0.007655023253142103,1.0160759123709533,0.0,0.007649428956377048,1.000054732152845,0.0,0.007645452085710992,1.0180882810208645,0.0,0.007646230856768977,1.025102869063125,0.0,0.0075995193611437615,0.9663835044452653,0.0,0.007850951591098148,1.0766387407036502,0.0,0.007915702242973836,1.0068917924522176,0.0,0.007940400133059519
1408.211,2919.76036,8699.63165,5779.871289999999,1.0087022985263008,0.0,0.007776288891439459,0.9513500678212629,0.0,0.007703743755954071,0.9949963682192597,0.0,0.007740329942264319,0.9825723581214528,0.0,0.007700745792925445,1.018103571707345,0.0,0.007587428272090602,0.9853995875729273,0.0,0.007651817137664015,1.0160659183934138,0.0,0.007646933877507665,0.9998455953785994,0.0,0.007641422231307031,1.0179589393478128,0.0,0.007642021404079084,1.0250283321314635,0.0,0.007595312434535959,0.9659513961807757,0.0,0.007845561698881403,1.075827670557922,0.0,0.00790803221948735,1.0061168020484712,0.0,0.007932647374794932
1414.115,2919.06492,8836.05701,5916.992090000001,1.0088390140436327,0.0,0.00777718104518761,0.9515365549765156,0.0,0.007705180251144545,0.9950184086020625,0.0,0.007740523545744673,0.9827050403356712,0.0,0.007701205777834114,1.0185325678943273,0.0,0.007589559536707316,0.9852165874597274,0.0,0.007650168847487551,1.016073895437634,0.0,0.007646290835554873,0.999624925283924,0.0,0.007639266830803,1.017838145586712,0.0,0.007640072948759078,1.0249806747480656,0.0,0.0075941033134717326,0.9654316405765344,0.0,0.00784119086002063,1.0748340955618758,0.0,0.007900671838813609,1.0052562130864846,0.0,0.007925405055927244
1420.018,2935.00786,8974.9076,6039.899740000001,1.0090274266782986,0.0,0.007778361276743781,0.9517419150890005,0.0,0.007707000588077367,0.9950591104995637,0.0,0.0077410234374559895,0.9828545337712763,0.0,0.007702105090142517,1.019034876619748,0.0,0.0075930933872399185,0.9850523301532772,0.0,0.007649067711418951,1.0160859827168,0.0,0.00764642908935984,0.9994273976994934,0.0,0.0076379141961047566,1.0176640669018235,0.0,0.0076390751278755395,1.0249739897258403,0.0,0.007594113696639237,0.9649268932624345,0.0,0.007837014629096247,1.0738260217722744,0.0,0.007892962922302169,1.0043882165638522,0.0,0.007918074357156305
1425.921,2929.14878,9059.1033,6129.954520000001,1.0092067665378281,0.0,0.007779541031531678,0.9520211331384635,0.0,0.007709026890062499,0.9951651245332136,0.0,0.007741462239123791,0.982997114303467,0.0,0.007703063282757834,1.0196070079139423,0.0,0.007597037623307363,0.9848925285764255,0.0,0.007648179597814277,1.0161335090322274,0.0,0.00764674573069095,0.9993020117081499,0.0,0.0076367401973951275,1.0175985422977458,0.0,0.007638332842545673,1.0250460487491173,0.0,0.0075944484796144135,0.9644158296019546,0.0,0.00783240908758826,1.0727123508870506,0.0,0.007884653916516925,1.0034373273809594,0.0,0.007910026404374553
1431.824,2913.60574,9090.96477,6177.3590300000005,1.0093165812083345,0.0,0.0077806665951549005,0.9522733066420823,0.0,0.00771129195500284,0.995247510897359,0.0,0.007741871022783092,0.983081686464691,0.0,0.007704166081195399,1.020193588634238,0.0,0.007601115206106205,0.9847976184631196,0.0,0.007647523765679595,1.0161707557412523,0.0,0.007647261753525021,0.9991139308700219,0.0,0.0076358893949402765,1.0174755003206666,0.0,0.007637740177827734,1.0251661906558192,0.0,0.007595140337796792,0.9638177720014799,0.0,0.007827390090850674,1.0714355907882833,0.0,0.007875785141227937,1.0023297238460505,0.0,0.007901158568396493
1437.728,2925.82805,9139.32976,6213.5017100000005,1.0095116398649178,0.0,0.007781846420408994,0.9525907018434168,0.0,0.0077138212151187675,0.9952974148854832,0.0,0.007742413017657653,0.9832048958360777,0.0,0.007705337410210532,1.0208497964481518,0.0,0.007605314114747623,0.9846998487876562,0.0,0.0076473533885345795,1.0162551392789667,0.0,0.007648109706374798,0.9990349708244571,0.0,0.007635602725067187,1.017419315124734,0.0,0.007637496870019989,1.0252830630158776,0.0,0.007596383595274016,0.9631633434102874,0.0,0.007822039202752188,1.0700654874485902,0.0,0.007866732594565516,1.001123980668106,0.0,0.007891344848067765
1443.63,2918.7172,9119.86915,6201.15195,1.0096363999169753,0.0,0.0077829965527215945,0.952919189184617,0.0,0.0077166199867732595,0.9953142496273737,0.0,0.007743109423101625,0.9833474641912996,0.0,0.00770664621251126,1.0214164582306755,0.0,0.007609544730105179,0.9847219248833416,0.0,0.007647822052072921,1.016370458463579,0.0,0.0076493506087799475,0.9989793379358913,0.0,0.007635968871938414,1.0173960411404752,0.0,0.007637829779281597,1.025419201226171,0.0,0.0075981763052026694,0.9624143599350714,0.0,0.007816063737375693,1.0687272626184905,0.0,0.007857403870603734,0.9997469443378306,0.0,0.007880356420935285
1449.533,2922.69858,9094.91263,6172.2140500000005,1.0097243706100112,0.0,0.007784054823780989,0.9533082103278869,0.0,0.00771952453526782,0.9953642092058937,0.0,0.00774374813819106,0.9835574330857498,0.0,0.007708058408852646,1.0219346330491588,0.0,0.00761352444687134,0.9848083594895579,0.0,0.007649022398041652,1.0165459331436946,0.0,0.00765100908003,0.9990662520690939,0.0,0.007636952192788779,1.0174062325422892,0.0,0.007638622035278627,1.025682060103256,0.0,0.007600398804114076,0.9616259279783661,0.0,0.007809227463767515,1.0673832040170932,0.0,0.007847916518125815,0.9982440743020802,0.0,0.007867995400485914
1455.436,2929.9833,9069.38182,6139.398520000001,1.009910358595807,0.0,0.007785132201829062,0.9537230934969347,0.0,0.007722592370610286,0.9955061187266574,0.0,0.00774437007737387,0.9837513302545344,0.0,0.007709584617462297,1.0224776199919834,0.0,0.007617110509154708,0.9850629936548952,0.0,0.00765085994266326,1.0168626781204173,0.0,0.007653187316036852,0.9993623328967555,0.0,0.007638678395397282,1.017611241779033,0.0,0.007639980128123626,1.026155412880391,0.0,0.007603037785585926,0.9608201419972835,0.0,0.007801516720811026,1.0662146498200293,0.0,0.007838481752303892,0.9965437438303506,0.0,0.00785431769409029
1461.339,2931.66975,9039.17219,6107.502439999999,1.0100718084484885,0.0,0.00778615463951992,0.9541614456046117,0.0,0.007725710236862137,0.995685765845931,0.0,0.007745070699927164,0.9840236217349014,0.0,0.007711166840775499,1.0230097185170148,0.0,0.007620134022141517,0.9854748270558606,0.0,0.007653471148668626,1.0172402949270412,0.0,0.007655911916223418,0.9997627917886381,0.0,0.007641047222609871,1.0179745311642354,0.0,0.007641932064881622,1.0266678984711868,0.0,0.0076061353813506325,0.9597771219372098,0.0,0.0077927923947401214,1.0649436118794784,0.0,0.007829185310809023,0.9946328607601256,0.0,0.007839292742404084
1467.241,2926.22793,8973.48141,6047.25348,1.0101677333676808,0.0,0.007787215397574263,0.9545321074458455,0.0,0.007728848361058372,0.9957398676359066,0.0,0.007745856516381786,0.984258559018281,0.0,0.007712737542788976,1.0233461199826261,0.0,0.007622666963378524,0.9859746320735612,0.0,0.007656666116136223,1.0176762521249332,0.0,0.007659090163401222,1.0002027431546319,0.0,0.007644076244486292,1.0183373837843739,0.0,0.007644402701715833,1.0271460596222555,0.0,0.007609623234769556,0.9585241971381002,0.0,0.007782899012435352,1.063678901741,0.0,0.00781995114831131,0.9924634044412236,0.0,0.007822882997126303
1473.143,2929.14878,8901.40488,5972.2561000000005,1.0102948982077635,0.0,0.0077883433128210534,0.9549254419872628,0.0,0.007731822637138112,0.9958071583231473,0.0,0.007746607139786345,0.9844449726650064,0.0,0.0077142030207945494,1.0235628456820758,0.0,0.007624621585884174,0.9864541520900756,0.0,0.007660308724973394,1.0181969943955231,0.0,0.00766263401100512,1.0006951492199663,0.0,0.00764755419029708,1.018742029498536,0.0,0.00764730737492619,1.0276597305880326,0.0,0.00761334724378704,0.9571725049851723,0.0,0.00777168246656197,1.0624522123952507,0.0,0.007810676736320381,0.9901868674700156,0.0,0.007805091823890731
1479.046,2921.41202,8820.33284,5898.920819999999,1.0104400680759926,0.0,0.007789332663248208,0.9552860887742645,0.0,0.0077344792938835736,0.9959278649668379,0.0,0.007747077813726733,0.9846182171835435,0.0,0.007715456508953604,1.023690514660795,0.0,0.007625875466483261,0.9870538327420761,0.0,0.007664087791308808,1.0187896168094512,0.0,0.007666169086052436,1.0012048395513038,0.0,0.007651052504112065,1.019239650800944,0.0,0.00765021773280841,1.0282099417437296,0.0,0.007616879455381493,0.9556445509144609,0.0,0.007759069090414891,1.061213815532891,0.0,0.0078010543520991935,0.9877850607421159,0.0,0.0077861100796844385
1484.948,2927.44495,8723.89772,5796.452770000001,1.0105996250715075,0.0,0.007790298972133408,0.9556320890535226,0.0,0.00773678611107181,0.9960213608178669,0.0,0.007747269353451561,0.9847504941350708,0.0,0.007716362821841245,1.0237962635547855,0.0,0.0076264787215601405,0.987602165713887,0.0,0.007667764452541531,1.0193269274890837,0.0,0.007669744566024409,1.0017539513849638,0.0,0.007654332281990658,1.0197001057336759,0.0,0.00765292953455479,1.0287148294337067,0.0,0.0076201364254423745,0.9538880522263851,0.0,0.007745466037407525,1.0599348900863634,0.0,0.007791215467281162,0.9851786260604952,0.0,0.00776619848937908
1490.85,2935.66853,8615.68104,5680.01251,1.010748578093934,0.0,0.007791334772088586,0.9558794639438182,0.0,0.007738895326846574,0.9960396521876336,0.0,0.0077473941991270875,0.9848664716596582,0.0,0.007717036720604705,1.0237710834877285,0.0,0.007626815683231891,0.9880921458845454,0.0,0.007671074356265595,1.019842490990172,0.0,0.007673172104415184,1.0022520842008715,0.0,0.007657271702878652,1.0201150704443782,0.0,0.00765531607262494,1.0292008287236791,0.0,0.007623159175824193,0.9519592923830815,0.0,0.0077311442706734295,1.0585525076479478,0.0,0.007781107946793892,0.9824493456310657,0.0,0.0077456697987779355
1496.751,2921.23816,8465.20191,5543.96375,1.0108087417984426,0.0,0.0077924268689795,0.9560197660585679,0.0,0.0077408684924203846,0.9959296512301639,0.0,0.007747443768672259,0.9848710088480718,0.0,0.007717581533116044,1.0236556937987915,0.0,0.007627202959351485,0.9884697955303408,0.0,0.007674032682458636,1.0201510755594871,0.0,0.007676298264000091,1.0025668223181396,0.0,0.0076597209522285825,1.020325381088024,0.0,0.007657175778072283,1.0294929545621914,0.0,0.007625771219451421,0.9499496911279639,0.0,0.007716399850616109,1.0570526292533682,0.0,0.007770393785638746,0.9796920446494595,0.0,0.007724639149097105
1502.653,2933.13017,8300.48132,5367.35115,1.01094926869634,0.0,0.0077935752099840255,0.9561556828164666,0.0,0.007742745070303578,0.9958581214667034,0.0,0.0077473472767147535,0.9848331859354155,0.0,0.007718067813337295,1.0235765021528849,0.0,0.0076278518975733236,0.9887893114473194,0.0,0.007676270291537168,1.0205662778343105,0.0,0.007678959249600254,1.0027671001704141,0.0,0.007661539940757395,1.0205035011452142,0.0,0.007658433437119355,1.0297453679386548,0.0,0.007627899119416405,0.948053748459319,0.0,0.007701527635863815,1.0555754487523694,0.0,0.007758918661637145,0.9769556585814219,0.0,0.007703418564330576
1508.555,2933.49528,8077.42723,5143.93195,1.011108295230782,0.0,0.007794714974327357,0.9563555187709032,0.0,0.007744430746066268,0.9958522091041081,0.0,0.00774713446623748,0.9848605192475872,0.0,0.007718392618784696,1.0236627097118844,0.0,0.007628734909138999,0.9889584871355943,0.0,0.007677807323590563,1.0208646168175293,0.0,0.007681138945904492,1.0028952812283254,0.0,0.007662627635451037,1.0205630196170548,0.0,0.007659029759513502,1.0300022179024784,0.0,0.00762952731464704,0.9461814223068822,0.0,0.007686973208536505,1.0540549552789162,0.0,0.007746593810402969,0.9742383501559901,0.0,0.007682535871171259
1514.456,2928.19255,7797.94263,4869.75008,1.0112865807052074,0.0,0.007796062089970769,0.956631238282049,0.0,0.007745916238337123,0.9958517631158978,0.0,0.007747117204275768,0.9849316265691779,0.0,0.007718735895562602,1.0239267079611702,0.0,0.007630198679353252,0.9891210624663724,0.0,0.007678850890909237,1.0211050105014166,0.0,0.007682973127689701,1.0029386854054756,0.0,0.007663132602648759,1.020476352170196,0.0,0.007659212346814552,1.0301278172944592,0.0,0.007630868588577252,0.9444654793672266,0.0,0.007673126962628051,1.0522506487701135,0.0,0.007733952846609325,0.971516181670626,0.0,0.00766256579169142
1520.358,2916.61351,7442.96337,4526.34986,1.0114828232424622,0.0,0.007797640811073201,0.9569083852720935,0.0,0.007747588914044805,0.9958410373844648,0.0,0.007747503837349038,0.9850525871057992,0.0,0.007719288696455565,1.0243002195417406,0.0,0.0076322254807332105,0.989071021679413,0.0,0.0076796383135634885,1.0212649187806573,0.0,0.007684889788386902,1.0028710507051548,0.0,0.0076633688304835555,1.0204125175050072,0.0,0.007659137020351734,1.0302205672790146,0.0,0.007632134814504296,0.9428273893632909,0.0,0.007660845998625071,1.050287695800928,0.0,0.007721806526634002,0.9689457535087158,0.0,0.007644695964086843
1526.259,2933.2171,7090.50232,4157.28522,1.0116345921700285,0.0,0.00779909189416958,0.9570893511851836,0.0,0.007749271328844735,0.9958298648660451,0.0,0.0077479855477671465,0.9850406266775207,0.0,0.0077200192931028595,1.024625890233265,0.0,0.007634297999009097,0.9889877893619967,0.0,0.007680137963449449,1.0213545245411615,0.0,0.007686281652848135,1.0027502902853058,0.0,0.007663543639070358,1.020256223612056,0.0,0.007658898563089962,1.0302532903393007,0.0,0.007633208622655599,0.9413447660080273,0.0,0.007650690136693335,1.0481996966152987,0.0,0.007710908403604571,0.9666392937745284,0.0,0.007630051997719692
1532.16,2942.25784,6699.93285,3757.67501,1.0119718312839394,0.0,0.007800129773259434,0.9571636679889286,0.0,0.007750521054814597,0.9960241191376131,0.0,0.007748508023904885,0.9851731037224377,0.0,0.007720715839215588,1.0251463574570805,0.0,0.007635898853192925,0.9890329145249614,0.0,0.007680703681854542,1.0215486835333405,0.0,0.007687534732009415,1.002714639056961,0.0,0.00766394365695427,1.0202853475687588,0.0,0.007658698328271883,1.0304681813522205,0.0,0.007634179587335965,0.9400263305719622,0.0,0.007643414277240064,1.0465163253881742,0.0,0.007702314950741768,0.9647202176670939,0.0,0.007620248028415575
1538.061,2918.10869,6275.68691,3357.5782200000003,1.0122423051559184,0.0,0.007800607183339836,0.9574657896778792,0.0,0.007751094597933214,0.9962775601739333,0.0,0.00774896452274961,0.985364798376012,0.0,0.007721194278145814,1.0255599593397622,0.0,0.007636389243403337,0.9891796515469264,0.0,0.007681436600989972,1.0219339916345023,0.0,0.0076885371485187,1.0027832093084652,0.0,0.007664658021977788,1.0202551331934286,0.0,0.0076588753634323865,1.030689395289786,0.0,0.00763502875310744,0.9393657194564942,0.0,0.007639901531390375,1.045487425571509,0.0,0.007697861596692659,0.9638274878450903,0.0,0.007617207663292309
1543.962,2921.42941,5925.85189,3004.4224799999997,1.0122669299047817,0.0,0.007800446150568111,0.9576101258546514,0.0,0.007750576329427013,0.9962915850639819,0.0,0.007749238953964565,0.9854857915628208,0.0,0.007721314016964755,1.025523720649394,0.0,0.007635211444269792,0.9892397423256045,0.0,0.007682622770147397,1.0218610179653094,0.0,0.007689129317569054,1.0029272265332299,0.0,0.007665672357592301,1.020281120855957,0.0,0.007659114702477821,1.0307599955642648,0.0,0.007635611360830259,0.9393012307450107,0.0,0.007640929785254524,1.0451987245394867,0.0,0.007698888397188751,0.9639549715343106,0.0,0.007622080613976486
1549.863,2925.54988,5631.09429,2705.54441,1.0120507450595806,0.0,0.007799577397810961,0.9574359034873123,0.0,0.007749269056670199,0.9963223554361018,0.0,0.0077495011847242895,0.9854827092269666,0.0,0.007721371887320907,1.0251667798632698,0.0,0.007632409190749398,0.9894684783218787,0.0,0.0076841904411463595,1.0220302560896097,0.0,0.007689300809697923,1.0032617014939587,0.0,0.007667157426390035,1.0203762847848559,0.0,0.007659517745703614,1.030919670044181,0.0,0.007635915681769561,0.9399109462823355,0.0,0.0076471763829997165,1.0458726389155506,0.0,0.007706519170051539,0.9655345377088227,0.0,0.007635992163405368
1555.763,2932.12178,5393.16766,2461.04588,1.011720094640442,0.0,0.007797543313578409,0.9571270647548112,0.0,0.007747403626031617,0.9962625402632245,0.0,0.007749175889857345,0.9853589922563768,0.0,0.0077208402359978615,1.0243874502857768,0.0,0.00762724313987642,0.9897817839418684,0.0,0.007685708903802494,1.022037478366424,0.0,0.007688617887887626,1.0035930507031416,0.0,0.007668504895655881,1.020641451483628,0.0,0.007659567207117048,1.0309301832007112,0.0,0.007635161614143225,0.9414381272348391,0.0,0.0076593718121399,1.048010356504635,0.0,0.007720632146875682,0.9688169924970425,0.0,0.007659311602011906
1561.664,2930.07023,5235.57254,2305.5023100000003,1.0113365968567238,0.0,0.007794327438311443,0.9564603435520685,0.0,0.00774434808648744,0.9960879823064934,0.0,0.007748179191032792,0.9851595438340404,0.0,0.007719751698644765,1.0231936274867062,0.0,0.00762001157290388,0.9901403448802907,0.0,0.007686755260828854,1.0218157662627103,0.0,0.00768641900025102,1.0038001919767345,0.0,0.00766933577138689,1.0206357201273921,0.0,0.007659157350949342,1.0307710658850722,0.0,0.007633081745650924,0.9437135583779218,0.0,0.007676235212114318,1.0512653710887563,0.0,0.007740210230558969,0.9732718838242772,0.0,0.007690368082117777
1567.564,2914.7706,5128.73808,2213.9674800000003,1.0108457181140356,0.0,0.00779037386078784,0.9559592174273044,0.0,0.007740596019757547,0.9960658312976491,0.0,0.0077469482522188535,0.9850923193867941,0.0,0.007718357626199657,1.021993054638856,0.0,0.0076115646357117345,0.9904010338052857,0.0,0.0076874000759256786,1.0215140499458135,0.0,0.007683538904512669,1.0041106277232978,0.0,0.007669434655695074,1.0206320933526907,0.0,0.007658029110660955,1.0305408393131947,0.0,0.007630014335312922,0.9467282044386058,0.0,0.007696667173857038,1.0554653904705125,0.0,0.007764147416945717,0.9789897523819044,0.0,0.007727341417260598
1573.465,2936.43351,5112.76539,2176.3318799999997,1.0101247738034793,0.0,0.007786424420108088,0.9555510082538762,0.0,0.007736560740626876,0.9957314049302763,0.0,0.00774542948010607,0.9846982060528112,0.0,0.007716509195224931,1.020292634365319,0.0,0.007602767079852512,0.9904017979912916,0.0,0.007686981436682575,1.0209134160207676,0.0,0.0076796027888528925,1.0039489339877206,0.0,0.0076683651054668,1.0203314742555498,0.0,0.007656241622112829,1.029755672470322,0.0,0.007625691840475354,0.9505365866487493,0.0,0.00771902432891466,1.0599540951703128,0.0,0.007790124237217193,0.9854228549060041,0.0,0.007767383801653606
1579.365,2929.70513,5115.56669,2185.86156,1.0093221180894152,0.0,0.007782622313888445,0.9548242840170207,0.0,0.007732273249618185,0.9953806880249129,0.0,0.0077438738244420685,0.9843924621287782,0.0,0.007714704132282877,1.018765596592035,0.0,0.0075941995651296595,0.9901229350893147,0.0,0.007685578685545001,1.0198885424216175,0.0,0.007674782019022691,1.003544299545454,0.0,0.007666124572423027,1.0198729098446784,0.0,0.007653244316831367,1.028724154080392,0.0,0.007620136686812596,0.9538989228410656,0.0,0.007741198340200391,1.0641288351472267,0.0,0.007814951432445334,0.9913989509663773,0.0,0.007806422645863251
1585.265,2920.90783,5150.5919,2229.6840700000002,1.0086768696591515,0.0,0.0077790046059719445,0.9543664743280915,0.0,0.007728901845446359,0.9951839337733672,0.0,0.00774249853258782,0.9842405360226295,0.0,0.007713131539687952,1.0175874662236724,0.0,0.007586748580036807,0.9898210386263833,0.0,0.0076831625503808315,1.0191818953657867,0.0,0.007669441615128419,1.0030178055196433,0.0,0.007662916985841455,1.0192289473980454,0.0,0.0076494910000435715,1.0278616386610873,0.0,0.0076137013849298905,0.9569098894972907,0.0,0.007761450226338089,1.0679906843014408,0.0,0.007836260288517145,0.9967793271240651,0.0,0.007841447246107544
1591.165,2942.08398,5235.71174,2293.62776,1.0084644412898407,0.0,0.007776020104156488,0.9539474156072831,0.0,0.007726376163537157,0.9949556994562722,0.0,0.007741027467422602,0.9838315978230954,0.0,0.007711653813034155,1.0169011043840923,0.0,0.007580675141132261,0.9890910779716462,0.0,0.0076799493718897075,1.0183688026601216,0.0,0.00766394337721867,1.0022819831000669,0.0,0.007658586131385452,1.0187093100933664,0.0,0.007645135928727219,1.0268353998061228,0.0,0.00760670774733159,0.9591787737694213,0.0,0.007777973711297859,1.0706066503739216,0.0,0.007851901369446987,1.0010835477967843,0.0,0.0078692627704148
1597.065,2938.01564,5315.71782,2377.7021799999998,1.0082675784554624,0.0,0.007773917178279993,0.9534205403892804,0.0,0.007724662291890956,0.9948626948895368,0.0,0.007739996011667293,0.9837466193579134,0.0,0.007710830915223357,1.0163379081748352,0.0,0.007576803411162477,0.9885172136003827,0.0,0.007676171488856122,1.0175531019524005,0.0,0.007658716083171482,1.0015407006806039,0.0,0.007653768550108818,1.0178462268361146,0.0,0.007640425993616998,1.025681189361448,0.0,0.007599951141521374,0.9605481178865574,0.0,0.007788638652229134,1.071649744421808,0.0,0.007860520298680871,1.0034750751179513,0.0,0.007887525453085388
1602.964,2921.09908,5390.85336,2469.75428,1.0080515242120631,0.0,0.007772959099378146,0.9535457737760382,0.0,0.007724110768343217,0.9948504359881223,0.0,0.007739378586357145,0.983754825127945,0.0,0.007710459500535605,1.0161931121432137,0.0,0.007575041462169561,0.9879622159251343,0.0,0.007672445915531768,1.016848015860109,0.0,0.007654510380186781,1.0008620115239706,0.0,0.007649024171481285,1.0171354548524307,0.0,0.007635822355590646,1.0246904312191791,0.0,0.007594033462648644,0.9611670245002261,0.0,0.007793649165405374,1.071554747722882,0.0,0.007861827633390758,1.0043661826849768,0.0,0.007895922106578348
1608.864,2922.21178,5475.00404,2552.7922599999997,1.0081356305397522,0.0,0.007773065428611179,0.9537757722569099,0.0,0.007724485750178374,0.9947421040657349,0.0,0.007739059025481008,0.9837723397049734,0.0,0.007710375696562542,1.016286802148858,0.0,0.007575223143253638,0.9875043758643764,0.0,0.007668848535641106,1.0163994791885247,0.0,0.007650944286738012,1.0001435229911906,0.0,0.007644563835098005,1.0165706443036304,0.0,0.007631638143188719,1.0239326403512783,0.0,0.007588784007240015,0.9609684625067606,0.0,0.007793029188236872,1.070358155285335,0.0,0.007855726495613035,1.0036839450277668,0.0,0.007894516926483885
1614.763,2929.34002,5569.78864,2640.4486199999997,1.0082152044214092,0.0,0.0077737219754155555,0.9540693708572816,0.0,0.007725685867437719,0.9948032570112709,0.0,0.007739240960203377,0.9839631523893491,0.0,0.0077111515058360496,1.016654980454921,0.0,0.007576646296495544,0.9869960628541707,0.0,0.007666297756076883,1.0160508826578358,0.0,0.007648193679362149,0.9995359827620455,0.0,0.0076408612777100066,1.0159390866033156,0.0,0.007627664086272136,1.023371441821597,0.0,0.007584526968818039,0.9597278384647413,0.0,0.0077872502132541755,1.0681606690389354,0.0,0.007843668721299261,1.0016361823671773,0.0,0.007883914399065807
1620.663,2930.6092,5638.36818,2707.7589800000005,1.0084521311074555,0.0,0.007775127849138379,0.9543474934036495,0.0,0.007728171642702323,0.9948251023744317,0.0,0.007739476735365633,0.984060695871398,0.0,0.007712016147642113,1.01711017106029,0.0,0.00757960110206455,0.9867643567892785,0.0,0.007664186367255553,1.0159763134761857,0.0,0.007646636250445767,0.9991984026571152,0.0,0.007637851324074148,1.0155796526449308,0.0,0.007624773723820983,1.0231326147942796,0.0,0.0075820234969799,0.9582170797466619,0.0,0.007777275593077319,1.0653736230526114,0.0,0.007827567423043467,0.9988533701836921,0.0,0.007865983488445104
1626.562,2924.12423,5672.00576,2747.88153,1.0087734223004443,0.0,0.007777150709874718,0.9546906451090499,0.0,0.007731152659023615,0.9948963792557298,0.0,0.007739960797088491,0.9841656781039367,0.0,0.007712999184269887,1.017758163279278,0.0,0.00758351460688592,0.9865780258104004,0.0,0.0076627613155722495,1.0158646439899428,0.0,0.00764628163056079,0.9989320940849475,0.0,0.007635747651450449,1.0153268378236135,0.0,0.00762272747598074,1.0229014952029307,0.0,0.007581072359583634,0.9563755812144235,0.0,0.0077640460318391695,1.0621814432116432,0.0,0.007808893675098674,0.9955318299504912,0.0,0.007842759193735895
1632.461,2937.84178,5718.85164,2781.0098599999997,1.0090606209695658,0.0,0.007779425573976324,0.9549849137278024,0.0,0.007734423162769043,0.9951194120858178,0.0,0.007740738259968101,0.9845245896395232,0.0,0.007714167616783292,1.0182382169916115,0.0,0.007588206922807526,0.9867915680313714,0.0,0.007662128751445471,1.0158101327225366,0.0,0.007647045054449182,0.9988904045826985,0.0,0.0076347042868573365,1.0150031871593608,0.0,0.0076215404951162115,1.022812978500252,0.0,0.0075815739084242224,0.9541983416557739,0.0,0.00774871618790767,1.059125756064205,0.0,0.007788851863627097,0.9916707877961842,0.0,0.007816250974062503
1638.36,2905.57347,5684.48287,2778.9094,1.0095441871301514,0.0,0.007782094525212496,0.9555694863734953,0.0,0.007737933451970266,0.9950748554452122,0.0,0.007741741649190962,0.984518960854986,0.0,0.007715393207923877,1.0191140728651529,0.0,0.007593711115185727,0.9866138113422911,0.0,0.0076624512191393445,1.0161043504572775,0.0,0.007648827764078264,0.9987835539250305,0.0,0.007634887151392107,1.0151507348508046,0.0,0.00762160753681296,1.0233156907536853,0.0,0.0075835291530238075,0.951951797812669,0.0,0.007732730658836582,1.0563187804550296,0.0,0.007768731694513983,0.9875562897557838,0.0,0.007788308809741403
1644.259,2942.79681,5693.70586,2750.90905,1.0098883901565463,0.0,0.007784974614880921,0.9561228543125386,0.0,0.007741978214867146,0.9952860153897864,0.0,0.007742946559425674,0.9846329228274164,0.0,0.007716831547132197,1.0198700152919153,0.0,0.0075999417226118885,0.9866775417976152,0.0,0.007663455143641463,1.0165181413578737,0.0,0.007651510361762377,0.9989350269750641,0.0,0.007635927860331452,1.0152271666198853,0.0,0.007622576677358023,1.023791713625323,0.0,0.007586721337423275,0.9497655334335162,0.0,0.007716551899392869,1.0537744077578546,0.0,0.007749446609130224,0.9837480127278537,0.0,0.00775984210356896
1650.158,2931.91315,5625.09072,2693.1775700000003,1.0102013290436098,0.0,0.007787906835293316,0.9566031138875789,0.0,0.007746176874339752,0.9954416983528382,0.0,0.007744463769575321,0.9848160423229863,0.0,0.0077184620862586345,1.020695431235664,0.0,0.007606525304641467,0.9869341237274252,0.0,0.007665021757889713,1.0171096313425558,0.0,0.007655114568306721,0.9991877908933569,0.0,0.007637852661139449,1.0154636906045271,0.0,0.00762452794739194,1.0244065474534327,0.0,0.007591208499047931,0.9477569073015102,0.0,0.007700512002689481,1.0512752040463478,0.0,0.007731352931030837,0.9801503572340311,0.0,0.0077316118809082355
1656.056,2930.17455,5530.58338,2600.40883,1.0106387551607843,0.0,0.007790799393051873,0.957104006365094,0.0,0.007750933829704321,0.9957061494662862,0.0,0.007745918140672497,0.985057911964562,0.0,0.007720011234949135,1.0218264017793433,0.0,0.007613606021589838,0.9872867652252736,0.0,0.007666773220567281,1.017709194772972,0.0,0.007659518376877569,0.9997034884514183,0.0,0.007640368894138537,1.0160016082971581,0.0,0.0076273529199132675,1.0252189275043566,0.0,0.007596686273613384,0.9459512011583543,0.0,0.007685581814015752,1.0490031090224536,0.0,0.007714458235990859,0.976829560673997,0.0,0.0077047742467832
1661.955,2924.41979,5407.62768,2483.2078899999997,1.0110674068572647,0.0,0.0077932098467315275,0.9578441799738827,0.0,0.007755734639360833,0.9959093320383604,0.0,0.007747848765584031,0.9853454927082624,0.0,0.0077221050901629855,1.022964090017658,0.0,0.007620637423881271,0.9876693877077822,0.0,0.0076692838384486844,1.0184717194396864,0.0,0.007664413563534774,1.0001517021503123,0.0,0.007643599149365835,1.0164834529869298,0.0,0.007630575552993696,1.0261488691166276,0.0,0.0076024918395044315,0.9442739127778278,0.0,0.0076720333883164675,1.0470111938610243,0.0,0.007698811036545973,0.9735810683406492,0.0,0.007680220901811049
1667.853,2921.23816,5275.38397,2354.14581,1.011436035559226,0.0,0.007795596100840982,0.9583203748522113,0.0,0.007760244778022239,0.9962616297144539,0.0,0.007749548382144585,0.9856221575629649,0.0,0.007724515433708435,1.0239437167918477,0.0,0.007627668453517058,0.9879903176003123,0.0,0.007672106045589769,1.0192173489287826,0.0,0.007669428408989882,1.0006952303139165,0.0,0.007647231888901547,1.0171465517267948,0.0,0.007634310073352918,1.0271413569877628,0.0,0.007608578767208781,0.9425520888337958,0.0,0.007659616724515278,1.0449534208148554,0.0,0.007684169242184901,0.9704694745147653,0.0,0.0076577181105692785
1673.751,2943.97906,5156.62957,2212.65051,1.011687218413322,0.0,0.00779786154391353,0.9590972887575765,0.0,0.007764405136931007,0.996428117282679,0.0,0.007751122573262536,0.9859083670724644,0.0,0.0077270917080652455,1.0248908497673157,0.0,0.007634406939610672,0.9883704993877205,0.0,0.007674802055388664,1.0199066434423099,0.0,0.007674054333572834,1.0011952984412131,0.0,0.00765103302964993,1.0176376978543495,0.0,0.007638162615619376,1.0279888578174525,0.0,0.007614545411339652,0.9413312170608233,0.0,0.0076481942323352895,1.0430393537895064,0.0,0.007670953377385225,0.9678447509427316,0.0,0.007637383318030299
1679.649,2928.14039,4991.19788,2063.0574899999997,1.0117330082365033,0.0,0.007799808395588878,0.9597197733198876,0.0,0.007768114078842708,0.9968121141543687,0.0,0.0077523371553236235,0.9863892975183038,0.0,0.007729678779111049,1.0257203724368238,0.0,0.0076402672701684025,0.9888771158063443,0.0,0.007677365440421273,1.020657950890612,0.0,0.007678314707519796,1.00174249907738,0.0,0.007654653363473918,1.0181560955232767,0.0,0.007641648274594143,1.0288012959134214,0.0,0.0076200935640316075,0.9402755032026162,0.0,0.007637832244416392,1.0414201898532303,0.0,0.007659289583030422,0.9657582095130739,0.0,0.00761936216641898
1685.547,2925.34125,4845.121,1919.7797500000001,1.0120552367564128,0.0,0.007801413570181639,0.9600218569708635,0.0,0.007770956949256654,0.9968154029235372,0.0,0.007753349773863485,0.9867859627675347,0.0,0.007732198176224545,1.02647596473786,0.0,0.007645057000051814,0.9892217418004149,0.0,0.007679590462494009,1.0211830507957753,0.0,0.007681869854652507,1.0022626516618405,0.0,0.007658144790166497,1.0187099027359876,0.0,0.007644857829225314,1.029543173973643,0.0,0.0076248658321332,0.9390646130583676,0.0,0.007628552946983566,1.0398331206521525,0.0,0.0076490356623531985,0.9637703823997082,0.0,0.0076040571355211976
1691.445,2926.12362,4704.04395,1777.9203300000004,1.0122584727482513,0.0,0.00780261278998509,0.9601997328970291,0.0,0.007773248985234382,0.9968582227192218,0.0,0.007753970882108331,0.9871172999994652,0.0,0.007734407845062982,1.02702652366202,0.0,0.007648804066055084,0.9893645577087034,0.0,0.007681459486361617,1.0214127588146202,0.0,0.007684623439245931,1.0026696727260311,0.0,0.007661042851791031,1.019056491499846,0.0,0.007647356346424522,1.030044353387404,0.0,0.007628587723190846,0.9379127832065902,0.0,0.0076212715439643395,1.0386916257649672,0.0,0.007640942911556153,0.9620974426520768,0.0,0.0075922570021083975
1697.343,2940.32799,4580.94405,1640.6160599999998,1.0124066008049069,0.0,0.007803535393013801,0.9603103766031178,0.0,0.007774642332560618,0.9967990822524564,0.0,0.007754406971826585,0.9873688137860283,0.0,0.0077362971003173435,1.0273324299724054,0.0,0.007651543052890622,0.9895976389071518,0.0,0.0076829067856186775,1.021672279739813,0.0,0.007686636022217693,1.0030197493858022,0.0,0.007663394993299093,1.0192522614552957,0.0,0.007649328210110067,1.030461306215607,0.0,0.007631412680953767,0.9370210400922433,0.0,0.007615406762489609,1.037897345491551,0.0,0.0076348604038282,0.9608306607548571,0.0,0.007583413355808367
1703.241,2945.89153,4467.6432,1521.7516700000006,1.0125249914014829,0.0,0.007804407569697728,0.9603018337476124,0.0,0.007775315626084219,0.9968205294267909,0.0,0.007754416323763915,0.987595944773743,0.0,0.0077376479505127296,1.0274642436379051,0.0,0.007653399138862234,0.9896752295474107,0.0,0.007683792110002356,1.021778788333628,0.0,0.0076878409387614866,1.003349882900703,0.0,0.007665149760532084,1.019476616969282,0.0,0.007650744198591679,1.0306581243749489,0.0,0.007633377813271509,0.9362768352571749,0.0,0.007610766963875047,1.0372478514321524,0.0,0.007630478418097397,0.959993498418692,0.0,0.007576919988567347
