wavelength_nm,dark_mean,dark_std,water_mean_raw,water_std_raw,water_corr,std_T_mean_2pct,std_T_std_2pct,std_A_mean_2pct,std_A_std_2pct,std_T_mean_4pct,std_T_std_4pct,std_A_mean_4pct,std_A_std_4pct,std_T_mean_6pct,std_T_std_6pct,std_A_mean_6pct,std_A_std_6pct,std_T_mean_8pct,std_T_std_8pct,std_A_mean_8pct,std_A_std_8pct,std_T_mean_10pct,std_T_std_10pct,std_A_mean_10pct,std_A_std_10pct,std_T_mean_12pct,std_T_std_12pct,std_A_mean_12pct,std_A_std_12pct,std_T_mean_14pct,std_T_std_14pct,std_A_mean_14pct,std_A_std_14pct,std_T_mean_16pct,std_T_std_16pct,std_A_mean_16pct,std_A_std_16pct,std_T_mean_18pct,std_T_std_18pct,std_A_mean_18pct,std_A_std_18pct,std_T_mean_20pct,std_T_std_20pct,std_A_mean_20pct,std_A_std_20pct,creme_soda_flat_T_mean,creme_soda_flat_T_std,creme_soda_flat_A_mean,creme_soda_flat_A_std,sprite_flat_T_mean,sprite_flat_T_std,sprite_flat_A_mean,sprite_flat_A_std,tonic_flat_T_mean,tonic_flat_T_std,tonic_flat_A_mean,tonic_flat_A_std
953.279,2944.50064,0.0,19303.80469,0.0,16359.30405,1.0173564968981672,0.0,-0.0016733921784109155,0.0,0.9728613669234908,0.0,-0.0036154739843263835,0.0,1.0075437371677187,0.0,-0.001423232318765713,0.0,1.0036791497863262,0.0,-0.002972534355787883,0.0,1.0668275200863448,0.0,-0.007726453221922641,0.0,1.0128285836218074,0.0,-0.0029815618969911174,0.0,1.0498727945581525,0.0,-0.00497757049355136,0.0,1.0311223269916545,0.0,-0.0038710442644184807,0.0,1.0507031006615466,0.0,-0.004284806789117971,0.0,1.0686646990951914,0.0,-0.00602136158311176,0.0,0.9423108662131625,0.0,0.008833363316565354,0.0,1.0403275052522785,0.0,0.009153919975170139,0.0,0.9569169704379935,0.0,0.015018931312624216,0.0
959.192,2935.32081,0.0,17137.01755,0.0,14201.69674,1.0187402185015253,0.0,-0.0022636811806952236,0.0,0.976151698899043,0.0,-0.005081830883839136,0.0,1.0127100517145673,0.0,-0.0036444451216275458,0.0,1.0102480740621702,0.0,-0.005805663228046104,0.0,1.0819512929551542,0.0,-0.013839953153568528,0.0,1.0244593978000969,0.0,-0.0079403633443874,0.0,1.0627640088588457,0.0,-0.010277726880042241,0.0,1.0463191928431503,0.0,-0.01022504522856296,0.0,1.0668277500481256,0.0,-0.010899096832268751,0.0,1.0867360881274528,0.0,-0.013303987154431485,0.0,0.9502353934928481,0.0,0.005196359924509886,0.0,1.0505986617765224,0.0,0.004887157665355413,0.0,0.9642594776319664,0.0,0.011699271749763799,0.0
965.105,2935.06002,0.0,15619.10929,0.0,12684.04927,1.0188427500486996,0.0,-0.00230738873605242,0.0,0.9773201708794687,0.0,-0.005601378671272236,0.0,1.015240960980594,0.0,-0.004728456019537232,0.0,1.013690266121144,0.0,-0.007282908288876391,0.0,1.090317536270497,0.0,-0.017185240092639865,0.0,1.033095144229127,0.0,-0.011585932846463604,0.0,1.071727215074118,0.0,-0.013925147714098016,0.0,1.0569076187450037,0.0,-0.014597882020045144,0.0,1.0786647038938852,0.0,-0.015691260876682614,0.0,1.1002241061146558,0.0,-0.018661054075789163,0.0,0.958658648445947,0.0,0.001363567942450069,0.0,1.062657925169034,0.0,-6.948454212829178e-05,0.0,0.9747991336839075,0.0,0.0069780534057970935,0.0
971.017,2948.86455,0.0,15158.79184,0.0,12209.92729,1.0172845697593011,0.0,-0.001642686458337205,0.0,0.975585587619007,0.0,-0.004829892250852041,0.0,1.0142967174049404,0.0,-0.004324344473903369,0.0,1.0122886980762684,0.0,-0.006682020149599739,0.0,1.084035276020059,0.0,-0.014675657896809469,0.0,1.0341155905441923,0.0,-0.012014698266702012,0.0,1.0706622709134903,0.0,-0.013493387370226081,0.0,1.057319906448026,0.0,-0.01476726234880848,0.0,1.078021500650558,0.0,-0.015432215655349392,0.0,1.0981575673248747,0.0,-0.017844556496465783,0.0,0.9636354697735469,0.0,-0.0008852147477500238,0.0,1.071992938952219,0.0,-0.003867923796658703,0.0,0.9863673471555947,0.0,0.0018545010761773627,0.0
976.929,2928.48811,0.0,15783.90602,0.0,12855.41791,1.0150689655798206,0.0,-0.0006957793049422525,0.0,0.9729658178028069,0.0,-0.003662099338228893,0.0,1.0120995350823254,0.0,-0.0033825498656422487,0.0,1.0087179616240107,0.0,-0.005147386165367184,0.0,1.0732935246910225,0.0,-0.010350752133729307,0.0,1.0310792268907265,0.0,-0.010737649807357936,0.0,1.0653303374405818,0.0,-0.011325183149089854,0.0,1.05230997426205,0.0,-0.012704540339415376,0.0,1.0720256079174013,0.0,-0.013009952563405681,0.0,1.0902694099969559,0.0,-0.014713725016304899,0.0,0.9678116570852109,0.0,-0.002763286278739086,0.0,1.079676874541996,0.0,-0.006969798434874917,0.0,0.9981410709346593,0.0,-0.0032987380999285596,0.0
982.842,2940.17151,0.0,17469.54672,0.0,14529.375209999998,1.0130628404357933,0.0,0.00016338513557635943,0.0,0.9702935099574734,0.0,-0.0024676429255666224,0.0,1.0093891656061103,0.0,-0.0022179633780787388,0.0,1.0052213002213468,0.0,-0.0036393145894748373,0.0,1.0617217187276424,0.0,-0.005642944352801424,0.0,1.0260593841460854,0.0,-0.008618109277097285,0.0,1.0572566072509046,0.0,-0.00802129645638831,0.0,1.0448032878627822,0.0,-0.009595384087752673,0.0,1.063021897828737,0.0,-0.009347003820732565,0.0,1.0796195922591225,0.0,-0.010450655144799918,0.0,0.9718035776433089,0.0,-0.004550931052148132,0.0,1.0837681677572977,0.0,-0.008612389904175604,0.0,1.008684479420227,0.0,-0.007862150455507554,0.0
988.754,2916.005,0.0,20165.2742,0.0,17249.2692,1.011876670114233,0.0,0.0006721877753485418,0.0,0.9676110382693778,0.0,-0.00126533046170332,0.0,1.0073995146414667,0.0,-0.0013610617863022098,0.0,1.0020659704238368,0.0,-0.0022739460461830238,0.0,1.0529681593699054,0.0,-0.0020474816999837032,0.0,1.0206936430674987,0.0,-0.006341022545757086,0.0,1.0503052610483927,0.0,-0.005156429435984981,0.0,1.0376971953107441,0.0,-0.00663149640917206,0.0,1.0548036075638496,0.0,-0.005976399378374703,0.0,1.0696717099180064,0.0,-0.00643040786231517,0.0,0.9731990721090956,0.0,-0.005174123673596294,0.0,1.0847245969121984,0.0,-0.00899548726839702,0.0,1.014386447166121,0.0,-0.010310250176254046,0.0
994.666,2939.87595,0.0,23909.62372,0.0,20969.747769999998,1.0112089993917939,0.0,0.0009588446632715101,0.0,0.9668733120865765,0.0,-0.0009340892957369132,0.0,1.005232639953685,0.0,-0.0004259062176694534,0.0,0.9993626046366126,0.0,-0.0011007265043152014,0.0,1.0460767793011942,0.0,0.0008041953029062146,0.0,1.0153212095597848,0.0,-0.004049071051393639,0.0,1.0437378989990589,0.0,-0.0024323418867870025,0.0,1.0305532325437217,0.0,-0.0036312833732799633,0.0,1.0471390739098052,0.0,-0.002809158468612589,0.0,1.0604388170950327,0.0,-0.0026655144768071987,0.0,0.9738100755419815,0.0,-0.005446701158254977,0.0,1.0823273164243692,0.0,-0.008034618628628632,0.0,1.0160212265633752,0.0,-0.011009593302228131,0.0
1000.578,2933.53005,0.0,28444.409,0.0,25510.87895,1.0110435163975406,0.0,0.0010299221878163328,0.0,0.9664351039539545,0.0,-0.0007372129198798798,0.0,1.0042346749483517,0.0,5.462560879220804e-06,0.0,0.9975341002509833,0.0,-0.00030538282448103323,0.0,1.04128828183711,0.0,0.0027967760086636644,0.0,1.0104327452033948,0.0,-0.001953024578399981,0.0,1.0385028078383791,0.0,-0.00024856362683850497,0.0,1.0244675960096625,0.0,-0.0010590796711852785,0.0,1.040316979356762,0.0,2.952027925221673e-05,0.0,1.0531819884630045,0.0,0.00031667892939068326,0.0,0.9726439421641332,0.0,-0.004926323746666121,0.0,1.078165190384395,0.0,-0.006361305157170847,0.0,1.014509445194949,0.0,-0.01036290676200744,0.0
1006.49,2939.38914,0.0,33674.63411,0.0,30735.24497,1.0109649182991365,0.0,0.001063685370854022,0.0,0.965738854496594,0.0,-0.0004242211117405914,0.0,1.0026600412679256,0.0,0.0006869680262461949,0.0,0.995814210684653,0.0,0.0004440484007544284,0.0,1.0375267287157073,0.0,0.004368463281120699,0.0,1.0063116874516327,0.0,-0.00017812925373705086,0.0,1.0338802622532017,0.0,0.0016888671487513933,0.0,1.0191753220309538,0.0,0.0011902472569560486,0.0,1.0345514851447108,0.0,0.0024430985943524695,0.0,1.0467937675916952,0.0,0.0029589738451069707,0.0,0.969961349229487,0.0,-0.0037268664462784,0.0,1.0728409004771307,0.0,-0.004211321055273654,0.0,1.010603476247484,0.0,-0.008687599823857382,0.0
1012.401,2943.54441,0.0,39310.23918,0.0,36366.694769999995,1.0110523365552475,0.0,0.001026133499148543,0.0,0.9655430421179296,0.0,-0.0003361550080995118,0.0,1.0012022830305731,0.0,0.0013188442409307842,0.0,0.994350933971336,0.0,0.0010826819516565383,0.0,1.0341152342231403,0.0,0.005798821034961637,0.0,1.0026479183937123,0.0,0.0014059309177291096,0.0,1.0298183776903078,0.0,0.0033984736733201626,0.0,1.014305401502398,0.0,0.0032704082654315637,0.0,1.0292829647218447,0.0,0.0046604220990313135,0.0,1.0411049244220332,0.0,0.005325601421764064,0.0,0.9663300443511821,0.0,-0.0020979199717210337,0.0,1.066274709187711,0.0,-0.0015451074222033838,0.0,1.00540879893661,0.0,-0.006449493724935432,0.0
1018.313,2925.86283,0.0,44947.47614,0.0,42021.61331,1.0108833584428605,0.0,0.0010987236038927355,0.0,0.9651207139719405,0.0,-0.00014615321653695286,0.0,1.0002644253545916,0.0,0.001725852203235646,0.0,0.9928094005394102,0.0,0.001756487266529084,0.0,1.030929322975106,0.0,0.007138864539386662,0.0,0.9993192476978701,0.0,0.0028501350704654986,0.0,1.0264385736883552,0.0,0.004826146950079232,0.0,1.0100276038164322,0.0,0.005105903404078889,0.0,1.0247270725265736,0.0,0.0065869969934170495,0.0,1.0362715719350377,0.0,0.007346517808957507,0.0,0.9628224790306129,0.0,-0.0005186586911547879,0.0,1.060572253407374,0.0,0.0007837399811801739,0.0,1.000211621337201,0.0,-0.004198708299980699,0.0
1024.224,2917.67405,0.0,50329.47451,0.0,47411.80046,1.0108141931971677,0.0,0.0011284393094207054,0.0,0.9647033235657889,0.0,4.1708836677839534e-05,0.0,0.9987641650510736,0.0,0.002377723713919662,0.0,0.9911662129272363,0.0,0.002475878645162414,0.0,1.0279486021864523,0.0,0.008396356767748832,0.0,0.9956767172304934,0.0,0.004436035661581628,0.0,1.0230711050706214,0.0,0.006253292544830548,0.0,1.0055810765976552,0.0,0.0070220544766387534,0.0,1.020034504506982,0.0,0.008580344283889482,0.0,1.0316814110712218,0.0,0.0092744966600197,0.0,0.9582423253116004,0.0,0.0015522128909930578,0.0,1.05457944192993,0.0,0.003244700039715411,0.0,0.9944032829923034,0.0,-0.0016693614902685712,0.0
1030.136,2937.37236,0.0,55117.77404,0.0,52180.401679999995,1.0108552585216513,0.0,0.0011107960257394234,0.0,0.9643152225730434,0.0,0.00021646104129725147,0.0,0.9978244508216673,0.0,0.0027865337524902592,0.0,0.9899170670776638,0.0,0.00302355599616714,0.0,1.0251809439501427,0.0,0.009567232156636865,0.0,0.9930054104941878,0.0,0.005602772624348686,0.0,1.0200493678913358,0.0,0.007537920403977048,0.0,1.0023343342726068,0.0,0.00842653944368092,0.0,1.0162877030961177,0.0,0.010178536365466331,0.0,1.0274569201054875,0.0,0.011056480571965888,0.0,0.9537103795250049,0.0,0.003611053288562229,0.0,1.0478680038785013,0.0,0.006017421343923957,0.0,0.9883715983307088,0.0,0.0009729308548859488,0.0
1036.047,2928.83583,0.0,58720.56755,0.0,55791.731719999996,1.0108806699717907,0.0,0.0010998786231075867,0.0,0.9649093302960127,0.0,-5.10222991094017e-05,0.0,0.9968818571383825,0.0,0.0031969834153446584,0.0,0.9889721813424291,0.0,0.003438292386649843,0.0,1.0231653116000465,0.0,0.01042194926061029,0.0,0.9905020673554387,0.0,0.006699001099260662,0.0,1.0175843814084071,0.0,0.008588678961633955,0.0,0.999143801804903,0.0,0.009811147942535042,0.0,1.0129541551717227,0.0,0.011605416818520047,0.0,1.0242119100511047,0.0,0.012430280392663416,0.0,0.9506127500428124,0.0,0.005023927560494093,0.0,1.0435309479581791,0.0,0.007818667492890782,0.0,0.9832621092550666,0.0,0.0032238843356846214,0.0
1041.958,2938.88494,0.0,61099.33343,0.0,58160.448489999995,1.0109496543877152,0.0,0.0010702425544187356,0.0,0.9642270035046632,0.0,0.00025619369957646104,0.0,0.9962046625201325,0.0,0.0034921054728140584,0.0,0.9880460976823531,0.0,0.003845160706518684,0.0,1.021936029262556,0.0,0.010944046224220705,0.0,0.9885017117755724,0.0,0.007576961712782528,0.0,1.016007711153742,0.0,0.009262107355742847,0.0,0.9966720277263116,0.0,0.01088687685078788,0.0,1.0104574654389842,0.0,0.012677170200970114,0.0,1.0218361063742205,0.0,0.013438857789089353,0.0,0.9464915967672587,0.0,0.006910799987988461,0.0,1.0403122164782332,0.0,0.009160302464299493,0.0,0.9781301502477462,0.0,0.00549654198847313,0.0
1047.869,2925.88021,0.0,61985.08665,0.0,59059.206439999994,1.0113522373633845,0.0,0.0008973311133879591,0.0,0.9639041987100564,0.0,0.00040161154477125205,0.0,0.9956747260012795,0.0,0.003723192267178488,0.0,0.9873853120468715,0.0,0.00413570540931177,0.0,1.0211411751911783,0.0,0.011281968603053383,0.0,0.9868421862256231,0.0,0.008306680683957277,0.0,1.0149094492303172,0.0,0.009731815474641786,0.0,0.9946454771565333,0.0,0.01177083436277808,0.0,1.0084678506560711,0.0,0.013533149363911704,0.0,1.019875217950863,0.0,0.014273063167278164,0.0,0.9424690046681907,0.0,0.008760486202778583,0.0,1.035399813441855,0.0,0.011215918545769282,0.0,0.9726759604933154,0.0,0.007925005455533686,0.0
1053.78,2918.57811,0.0,61401.36299,0.0,58482.78488,1.0110706769749163,0.0,0.0010182554986462485,0.0,0.9642358005985572,0.0,0.0002522314459858302,0.0,0.9950148376039509,0.0,0.00401111852687094,0.0,0.9866777236822994,0.0,0.004447044743255495,0.0,1.0201103675622363,0.0,0.011720595684362204,0.0,0.9857040463836407,0.0,0.00880784805807328,0.0,1.013520857490328,0.0,0.010326420891943135,0.0,0.9932180522727528,0.0,0.012394542024525196,0.0,1.0067595199307136,0.0,0.014269462095502262,0.0,1.0181276389654719,0.0,0.015017874778794491,0.0,0.9392313010180305,0.0,0.010255004976767373,0.0,1.0308992453712302,0.0,0.013107779223951399,0.0,0.9676105268603961,0.0,0.010192603449345314,0.0
1059.691,2942.65772,0.0,59336.55247,0.0,56393.89475,1.0111352901370587,0.0,0.0009905024999480845,0.0,0.9649945424278396,0.0,-8.937359648821322e-05,0.0,0.9949120729952776,0.0,0.004055974548751666,0.0,0.9866666988805557,0.0,0.004451897429392486,0.0,1.0195631873785413,0.0,0.01195361075631883,0.0,0.985300834892238,0.0,0.008985536636993124,0.0,1.0129170893982278,0.0,0.010585213083344834,0.0,0.9925093820550495,0.0,0.01270452573405515,0.0,1.0059114108269673,0.0,0.014635472375653772,0.0,1.0167098355979394,0.0,0.015623077195483283,0.0,0.9369605634482269,0.0,0.01130625063730821,0.0,1.0265485589643548,0.0,0.0149445032577979,0.0,0.9639176698289667,0.0,0.011853246444946433,0.0
1065.601,2928.17516,0.0,56152.03665,0.0,53223.86149,1.0112430207663987,0.0,0.0009442333942655985,0.0,0.9652505972279465,0.0,-0.00020459542517614442,0.0,0.994645755831648,0.0,0.00417224166460568,0.0,0.9868626136769243,0.0,0.004365671484103313,0.0,1.0198052739972288,0.0,0.011850503460973614,0.0,0.9849948760266097,0.0,0.009120416134891231,0.0,1.0123946961293657,0.0,0.010809250212543978,0.0,0.9921515910663775,0.0,0.0128611133385304,0.0,1.0054457371540855,0.0,0.014836569938378254,0.0,1.016422268237043,0.0,0.015745930913261916,0.0,0.933146462124539,0.0,0.013077748666421675,0.0,1.0224447679397415,0.0,0.01668414404291174,0.0,0.9592005145961083,0.0,0.013983784872689935,0.0
1071.512,2910.87616,0.0,52125.41303,0.0,49214.53687,1.0118935925689225,0.0,0.0006649247684474011,0.0,0.965397719895276,0.0,-0.0002707851730873387,0.0,0.9948398821537056,0.0,0.004087488109094022,0.0,0.9871143493298508,0.0,0.004254902809893034,0.0,1.0219237592918955,0.0,0.010949260652901997,0.0,0.9854441310320106,0.0,0.008922380090644406,0.0,1.0137997911428887,0.0,0.010206914047310287,0.0,0.992915665529456,0.0,0.01252678377023659,0.0,1.0066513865784144,0.0,0.014316111011634158,0.0,1.018042275646025,0.0,0.015054289046924477,0.0,0.9314332850695379,0.0,0.013875808982154281,0.0,1.0206408052296276,0.0,0.017451073499463104,0.0,0.9550983207291532,0.0,0.015845106474408052,0.0
1077.422,2935.99886,0.0,47863.30064,0.0,44927.30178,1.0122948514180723,0.0,0.0004927426706779108,0.0,0.9664280123612622,0.0,-0.0007340261038573815,0.0,0.9955389439815141,0.0,0.003782421854546373,0.0,0.9877884907781346,0.0,0.003958406277063499,0.0,1.0234093312603114,0.0,0.01031838461145287,0.0,0.9867877614171736,0.0,0.008330632888394075,0.0,1.0153551533848646,0.0,0.0095411340651925,0.0,0.9944387550531417,0.0,0.011861105320296947,0.0,1.008242730262623,0.0,0.013630107793117754,0.0,1.0201001069332414,0.0,0.014177309024282369,0.0,0.9301674693182521,0.0,0.014466415619283073,0.0,1.018942283784753,0.0,0.01817441609374495,0.0,0.9525264937911435,0.0,0.017016123873423168,0.0
1083.332,2927.06246,0.0,43575.47188,0.0,40648.409419999996,1.0124339133366267,0.0,0.0004330864589251896,0.0,0.967009477636776,0.0,-0.000995247032378417,0.0,0.9963028937135717,0.0,0.003449283787985296,0.0,0.988750667577782,0.0,0.0035355782182886876,0.0,1.0255289595535668,0.0,0.009419828316263304,0.0,0.9884800889707237,0.0,0.007586461714073293,0.0,1.017399623751379,0.0,0.008667538776702514,0.0,0.9967304085966373,0.0,0.0108614384451991,0.0,1.010573170171538,0.0,0.012627443169575661,0.0,1.0225896565967034,0.0,0.013118706552288244,0.0,0.9285421729547222,0.0,0.01522592899995081,0.0,1.0176044420977495,0.0,0.018745006828068872,0.0,0.9485434500428234,0.0,0.018835958496350322,0.0
1089.242,2925.86283,0.0,39417.31237,0.0,36491.44954,1.0129212847377618,0.0,0.00022407352683592383,0.0,0.967668488786483,0.0,-0.001291115307995359,0.0,0.9970816892356312,0.0,0.0031099347051607193,0.0,0.9896910502393818,0.0,0.003122724983454033,0.0,1.0277741737523753,0.0,0.008470056692150233,0.0,0.9909075031498462,0.0,0.006521270524667964,0.0,1.0198292139424834,0.0,0.007631662890788293,0.0,0.9995756915607578,0.0,0.00962346043430776,0.0,1.0138838491314148,0.0,0.011207002160799293,0.0,1.0262178168327154,0.0,0.011580551662188151,0.0,0.9276287880232011,0.0,0.01565334444386205,0.0,1.0183816712806855,0.0,0.018413426608044653,0.0,0.9466988134338717,0.0,0.01968135517073985,0.0
1095.152,2932.41734,0.0,35732.9847,0.0,32800.56736,1.0131743733349863,0.0,0.00011557422539279234,0.0,0.9680284207132689,0.0,-0.0014526245305377054,0.0,0.9978958479820638,0.0,0.0027554598662191446,0.0,0.9909496980115651,0.0,0.0025707582967315424,0.0,1.0304476376593992,0.0,0.007341829142588968,0.0,0.9938851722350206,0.0,0.005218176011204542,0.0,1.02314714320844,0.0,0.006221015495486657,0.0,1.0030805125683047,0.0,0.00810335331408492,0.0,1.0178151744628847,0.0,0.009526285667763536,0.0,1.0305329370985612,0.0,0.009758225192840881,0.0,0.9282938717435649,0.0,0.015342079100339218,0.0,1.0209126312502905,0.0,0.017335423779598045,0.0,0.946698998196841,0.0,0.01968127041143833,0.0
1101.062,2934.43412,0.0,32766.08179,0.0,29831.64767,1.0132839732616754,0.0,6.859705114744923e-05,0.0,0.9683373680713628,0.0,-0.0015912079890293227,0.0,0.9989909149392954,0.0,0.0022791368284339154,0.0,0.9922093331025187,0.0,0.002019060087766006,0.0,1.0330690389921733,0.0,0.006238411119388746,0.0,0.9973771794013683,0.0,0.0036949603520385534,0.0,1.0268046863802345,0.0,0.004671269321485242,0.0,1.0073644835991051,0.0,0.00625251153649734,0.0,1.0223496599106892,0.0,0.0075957502346895005,0.0,1.0353182704373232,0.0,0.007746223967776925,0.0,0.9298143869503539,0.0,0.014631300803899967,0.0,1.0252716282499592,0.0,0.015485061380859689,0.0,0.9483044541468334,0.0,0.018945397528489866,0.0
1106.972,2931.89576,0.0,30692.92665,0.0,27761.03089,1.013223583859497,0.0,9.448077810138029e-05,0.0,0.9683037318215383,0.0,-0.00157612203666262,0.0,1.0002262124207448,0.0,0.0017424437993127518,0.0,0.9935314336592346,0.0,0.0014407559397563972,0.0,1.0346738369988535,0.0,0.005564289528257053,0.0,1.0009988995044845,0.0,0.002120787407848989,0.0,1.0303014093148468,0.0,0.003194817580806048,0.0,1.0116474738017194,0.0,0.004409945132297811,0.0,1.0267219593875823,0.0,0.0057423563366289735,0.0,1.039777773180526,0.0,0.005879572618364158,0.0,0.9328192696665379,0.0,0.01323005358613762,0.0,1.0322395876992592,0.0,0.01254349014220089,0.0,0.9523554775310434,0.0,0.017094103947144154,0.0
1112.882,2934.5906,0.0,29529.60433,0.0,26595.01373,1.012900081326636,0.0,0.00023316467831062046,0.0,0.9683052508053734,0.0,-0.001576803316470395,0.0,1.0010228233110223,0.0,0.0013966959928508587,0.0,0.9946991409205037,0.0,0.0009306250878925975,0.0,1.036570947842861,0.0,0.004768724457881094,0.0,1.0048715552966176,0.0,0.0004438345153893928,0.0,1.033938863847317,0.0,0.0016642515054965425,0.0,1.016092357550364,0.0,0.0025059616460933925,0.0,1.0318900467061352,0.0,0.0035617836856843207,0.0,1.0446179848616306,0.0,0.0038626034372061767,0.0,0.937220469710959,0.0,0.011185797111802231,0.0,1.0400853111347501,0.0,0.00925503795371618,0.0,0.9595600295258807,0.0,0.01382103882033084,0.0
1118.791,2924.159,0.0,29241.84834,0.0,26317.68934,1.0124830430877028,0.0,0.00041201223192925164,0.0,0.9684492217659105,0.0,-0.0016413709162526515,0.0,1.0023745872668623,0.0,0.000810627833984442,0.0,0.9962357899768414,0.0,0.000260228152312214,0.0,1.038724828644094,0.0,0.003867244395984522,0.0,1.008641726371256,0.0,-0.0011825430426796596,0.0,1.0371977956481189,0.0,0.000297526369734135,0.0,1.0205229191294953,0.0,0.0006163838716077338,0.0,1.0363567924842751,0.0,0.0016859088889570554,0.0,1.049508711542531,0.0,0.0018340542807858372,0.0,0.9432229356956152,0.0,0.00841320985781021,0.0,1.0492396172497718,0.0,0.005449320596602379,0.0,0.9686541421117025,0.0,0.009724448040609781,0.0
1124.701,2916.97861,0.0,29466.39457,0.0,26549.41596,1.0120725239486585,0.0,0.0005881360214155676,0.0,0.9687488696079023,0.0,-0.001775725173474572,0.0,1.0043117230967515,0.0,-2.785664522912093e-05,0.0,0.9984226297081981,0.0,-0.0006920479860801287,0.0,1.0426185495645082,0.0,0.002242309750162059,0.0,1.0134853267785404,0.0,-0.0032630779419829366,0.0,1.0420079270926454,0.0,-0.0017119114146811436,0.0,1.0261992124816595,0.0,-0.0017925305216010545,0.0,1.042807521329746,0.0,-0.0010089478015788446,0.0,1.055851053832372,0.0,-0.0007825556082797537,0.0,0.9506951824487518,0.0,0.004986269337499134,0.0,1.0591278460650553,0.0,0.0013756144974267845,0.0,0.9789404791110141,0.0,0.005136901034614944,0.0
1130.61,2924.12423,0.0,29416.51267,0.0,26492.38844,1.0121932229980546,0.0,0.0005363454585758246,0.0,0.9701695854343286,0.0,-0.002412171902412141,0.0,1.008129904198249,0.0,-0.0016758219332595253,0.0,1.002510931022722,0.0,-0.0024667487626012204,0.0,1.0511956410827863,0.0,-0.001315794278036117,0.0,1.0207881196233888,0.0,-0.0063812194729806855,0.0,1.0496574256783018,0.0,-0.004888471022136846,0.0,1.034980600261801,0.0,-0.0054930629127371185,0.0,1.053117122043829,0.0,-0.005281466688405158,0.0,1.0670782996416008,0.0,-0.0053761859642251705,0.0,0.9607758638918704,0.0,0.0004054780965383545,0.0,1.0710281945420546,0.0,-0.003476902732482662,0.0,0.991587875117235,0.0,-0.00043801973071560694,0.0
1136.519,2916.90907,0.0,27886.36847,0.0,24969.4594,1.0129910866232048,0.0,0.0001941466907941624,0.0,0.9733028925728364,0.0,-0.0038125304819819333,0.0,1.015267172744637,0.0,-0.004739668606471906,0.0,1.0104094532379022,0.0,-0.005875032811675806,0.0,1.067369449736665,0.0,-0.00794701117894368,0.0,1.0334849516205384,0.0,-0.011749769904066978,0.0,1.0628867315405315,0.0,-0.010327874143190193,0.0,1.0500542374577801,0.0,-0.01177258533638184,0.0,1.0712630230192328,0.0,-0.012700907460984671,0.0,1.0869540767871009,0.0,-0.013391093655484944,0.0,0.9759142983287816,0.0,-0.0063841184794479495,0.0,1.0861469395689038,0.0,-0.009564581887947853,0.0,1.0080834365200553,0.0,-0.0076032910988145345,0.0
1142.428,2931.2351,0.0,24957.61666,0.0,22026.38156,1.0141308425604154,0.0,-0.0002942203474989415,0.0,0.977624573575216,0.0,-0.005736625882205406,0.0,1.025149132575001,0.0,-0.00894637306066232,0.0,1.0216638737824535,0.0,-0.010685668973816674,0.0,1.0930660619138026,0.0,-0.018278653226067712,0.0,1.0511314946094124,0.0,-0.019102661439451114,0.0,1.0828451488969848,0.0,-0.0184072437875579,0.0,1.0723306865297033,0.0,-0.020889587712014844,0.0,1.0982824938405362,0.0,-0.02351885409711492,0.0,1.116520839476459,0.0,-0.02504673132483197,0.0,0.995998917944832,0.0,-0.015231304095707844,0.0,1.1068837917652055,0.0,-0.017778027124929287,0.0,1.028414091451887,0.0,-0.016274830810348532,0.0
1148.337,2922.12485,0.0,22719.48633,0.0,19797.36148,1.0160551586796607,0.0,-0.0011175144907864948,0.0,0.9821058154462713,0.0,-0.007722799102422054,0.0,1.0336774767018095,0.0,-0.012544377829054954,0.0,1.0325063620548691,0.0,-0.015270368406364487,0.0,1.1217491998837816,0.0,-0.029528011349838637,0.0,1.0677268928667356,0.0,-0.02590579402313742,0.0,1.1026298510562933,0.0,-0.026270634319065424,0.0,1.0946611169318305,0.0,-0.029840545423688705,0.0,1.1240623126713751,0.0,-0.03359518003354479,0.0,1.1466759993716091,0.0,-0.03662062043954834,0.0,1.0151498218741422,0.0,-0.023502580243295726,0.0,1.1247525273756833,0.0,-0.02473297677980112,0.0,1.0488078813419737,0.0,-0.02480275427553502,0.0
1154.246,2922.15962,0.0,22483.4459,0.0,19561.28628,1.0175741157856006,0.0,-0.0017662805371013498,0.0,0.9840945607795687,0.0,-0.008601347829343247,0.0,1.0349039700266582,0.0,-0.013059377464514221,0.0,1.0366112754421588,0.0,-0.01699356049496438,0.0,1.1374891810028764,0.0,-0.0355795175613389,0.0,1.0721104282105522,0.0,-0.02768513290588922,0.0,1.1099402487759102,0.0,-0.029140488651265128,0.0,1.1031702190291752,0.0,-0.03320338268105051,0.0,1.1325224002600713,0.0,-0.03685159363005657,0.0,1.1584158534179994,0.0,-0.04104439028505064,0.0,1.0212789764457146,0.0,-0.02611682931402636,0.0,1.1284443770228387,0.0,-0.02615615587388412,0.0,1.0561755272261166,0.0,-0.027842912222102743,0.0
1160.154,2925.88021,0.0,23643.70064,0.0,20717.82043,1.0181474176431984,0.0,-0.002010893403560053,0.0,0.9832230928357362,0.0,-0.008216586636129904,0.0,1.0315358612266918,0.0,-0.011643655274619672,0.0,1.03356650147392,0.0,-0.015716057179763217,0.0,1.1346550719186825,0.0,-0.034496101688320346,0.0,1.065994554524672,0.0,-0.02520059874193294,0.0,1.1046125193199197,0.0,-0.02705084960441938,0.0,1.0973121090035436,0.0,-0.030891025216071136,0.0,1.124465185356373,0.0,-0.03375080667011458,0.0,1.1512410883464734,0.0,-0.03834617926844681,0.0,1.0172606066940413,0.0,-0.024404664307095682,0.0,1.1203560817811375,0.0,-0.023032075100034206,0.0,1.0528016831546598,0.0,-0.026453382638017914,0.0
1166.063,2919.8299,0.0,25119.55067,0.0,22199.72077,1.0177745109539051,0.0,-0.0018517995631124919,0.0,0.9815589716536782,0.0,-0.007480913369902252,0.0,1.0272680136958316,0.0,-0.009843090092271118,0.0,1.0285872442529826,0.0,-0.013618766284656315,0.0,1.1239156883323267,0.0,-0.030365976333085402,0.0,1.0573185795075206,0.0,-0.021651476396780413,0.0,1.0951847967770632,0.0,-0.023328294880398944,0.0,1.0865813151396677,0.0,-0.02662308611601092,0.0,1.1115081516405938,0.0,-0.028717445011344232,0.0,1.1369446882461847,0.0,-0.03291923489129362,0.0,1.0087903015547706,0.0,-0.020773335795938725,0.0,1.108840974399337,0.0,-0.018545264872259676,0.0,1.0435147482262679,0.0,-0.02260540346969598,0.0
1171.971,2940.95388,0.0,26682.22011,0.0,23741.266229999997,1.017732859988235,0.0,-0.0018340263191367959,0.0,0.979850262603285,0.0,-0.006724229770649225,0.0,1.0234955724179164,0.0,-0.008245292774833993,0.0,1.0232892249572318,0.0,-0.011376033164014566,0.0,1.1105355979995681,0.0,-0.025164727247810957,0.0,1.0484011681966638,0.0,-0.017973108768709795,0.0,1.084402848213206,0.0,-0.01903153813217705,0.0,1.074297326137183,0.0,-0.021685348284727297,0.0,1.0972806647137288,0.0,-0.0231225194345629,0.0,1.1214211648221764,0.0,-0.026948646257712386,0.0,1.0009592399065566,0.0,-0.017388830409924647,0.0,1.0978686598890812,0.0,-0.01422638680815998,0.0,1.0340427680718527,0.0,-0.018645313619857252,0.0
1177.88,2915.51819,0.0,28052.74185,0.0,25137.22366,1.0169125467374707,0.0,-0.0014838350412223304,0.0,0.9778234932568524,0.0,-0.005824983861985001,0.0,1.0198115697555121,0.0,-0.00667925923224361,0.0,1.017886131980257,0.0,-0.009076829484351498,0.0,1.0971206873527894,0.0,-0.019886647125750403,0.0,1.040053321465335,0.0,-0.014501217858677432,0.0,1.0741082641105004,0.0,-0.014888946562679892,0.0,1.0627187226928625,0.0,-0.01697918541486603,0.0,1.0840917866901774,0.0,-0.017870847037770594,0.0,1.1064768761340609,0.0,-0.021122240077479447,0.0,0.9926311217775909,0.0,-0.013760324918415685,0.0,1.088346957883574,0.0,-0.010443366731881325,0.0,1.0236970449902105,0.0,-0.014278261695876463,0.0
1183.788,2925.51511,0.0,28986.12045,0.0,26060.60534,1.016344794544976,0.0,-0.0012412964843056878,0.0,0.9758898831472808,0.0,-0.004965332200621227,0.0,1.016923665979587,0.0,-0.005447678914236715,0.0,1.0133469658690593,0.0,-0.0071358035350130465,0.0,1.0848808775214736,0.0,-0.01501429716044423,0.0,1.0330199701339708,0.0,-0.011554329868976223,0.0,1.0653974701571534,0.0,-0.01135254973084458,0.0,1.052610865024519,0.0,-0.01282870196701391,0.0,1.0725297285055313,0.0,-0.013214131760792603,0.0,1.0927065990401896,0.0,-0.0156834637474932,0.0,0.9855957751133344,0.0,-0.01067127065372021,0.0,1.0802768609057951,0.0,-0.007211072837600054,0.0,1.015921117510005,0.0,-0.010966799952673429,0.0
1189.696,2922.12485,0.0,29445.59197,0.0,26523.46712,1.015764569093032,0.0,-0.0009932894396101066,0.0,0.9746050308222298,0.0,-0.0043931652582264325,0.0,1.0142551631085552,0.0,-0.004306551681128045,0.0,1.0094547778714384,0.0,-0.005464499996497461,0.0,1.0740467277944619,0.0,-0.010655419234914348,0.0,1.0271539164446915,0.0,-0.009081138990026282,0.0,1.058042407994208,0.0,-0.008343963786095344,0.0,1.0439875746530982,0.0,-0.009256183289676137,0.0,1.0626246268063313,0.0,-0.009184669572907176,0.0,1.0811381819074941,0.0,-0.011061103220964472,0.0,0.9797871866609873,0.0,-0.008104193085212805,0.0,1.074011341395099,0.0,-0.00468486653037966,0.0,1.0093537643053054,0.0,-0.008150219072612921,0.0
1195.604,2916.26579,0.0,29716.60472,0.0,26800.338929999998,1.0153271542972984,0.0,-0.0008062305955026678,0.0,0.9733242052696682,0.0,-0.003822040250585442,0.0,1.0123745651450984,0.0,-0.0035005499322681454,0.0,1.0062732557390086,0.0,-0.004093562419104502,0.0,1.0657387309392508,0.0,-0.007282992054517139,0.0,1.0217665497262427,0.0,-0.006797293356804243,0.0,1.0513273217772698,0.0,-0.005578839493139146,0.0,1.0363600573315586,0.0,-0.006071519845730294,0.0,1.0545466930033336,0.0,-0.00587060701522436,0.0,1.0717922588600637,0.0,-0.007290513863240068,0.0,0.9740584030740839,0.0,-0.005557434792137286,0.0,1.067037052206414,0.0,-0.0018554993549952,0.0,1.0022216222770732,0.0,-0.005070580171636605,0.0
1201.512,2923.55049,0.0,30010.10696,0.0,27086.55647,1.0152797802281879,0.0,-0.0007859664109833454,0.0,0.9727829352979397,0.0,-0.0035804599561578172,0.0,1.0113201362579847,0.0,-0.0030479790100278706,0.0,1.0040371514231097,0.0,-0.0031274149401827617,0.0,1.0595773638405206,0.0,-0.0047649146401748145,0.0,1.0183781914305476,0.0,-0.005354702903408789,0.0,1.046917202317966,0.0,-0.003753224466800792,0.0,1.031214726424765,0.0,-0.00390995988579209,0.0,1.0489729412990976,0.0,-0.0035690784396255337,0.0,1.0654396671634205,0.0,-0.004708759762634889,0.0,0.9688552946575419,0.0,-0.003231354453533857,0.0,1.0609785201684592,0.0,0.0006174093735187847,0.0,0.9948722758408278,0.0,-0.001874140570809285,0.0
1207.42,2907.24251,0.0,30374.58061,0.0,27467.3381,1.015278524204717,0.0,-0.0007854291360266871,0.0,0.9721459397625429,0.0,-0.003295983069153118,0.0,1.0107549850271074,0.0,-0.002805216449113947,0.0,1.0031337401420781,0.0,-0.002736470091008103,0.0,1.0560942223229122,0.0,-0.003334909607822921,0.0,1.016476973427578,0.0,-0.004543157450827911,0.0,1.0443383110356805,0.0,-0.002682098711089171,0.0,1.028170708686183,0.0,-0.002626080678987055,0.0,1.045826903044529,0.0,-0.0022646024203612086,0.0,1.0614558991429897,0.0,-0.003081852904457588,0.0,0.9656416261901986,0.0,-0.0017884162395808197,0.0,1.056550244306346,0.0,0.002433846162556926,0.0,0.989592284881803,0.0,0.00043688719395074994,0.0
1213.327,2924.29809,0.0,30860.79414,0.0,27936.49605,1.015929662016436,0.0,-0.0010638698888682727,0.0,0.9728808276942089,0.0,-0.003624161368873141,0.0,1.0109078876411202,0.0,-0.002870909658954927,0.0,1.0032814670041628,0.0,-0.0028004219200409627,0.0,1.0569249814706092,0.0,-0.003676405919430338,0.0,1.0162436376841182,0.0,-0.004443452232406301,0.0,1.0442754913782395,0.0,-0.002655973986108045,0.0,1.0279829148437531,0.0,-0.002546750196287523,0.0,1.045728093019024,0.0,-0.002223568214761787,0.0,1.0615320155728691,0.0,-0.003112994810884711,0.0,0.9643643469740008,0.0,-0.0012135834109344365,0.0,1.0541450007650475,0.0,0.003423647463541308,0.0,0.9862522891449015,0.0,0.001905163716130814,0.0
1219.235,2934.34719,0.0,31318.03158,0.0,28383.68439,1.0170549306900605,0.0,-0.001544638928903508,0.0,0.9742021359898585,0.0,-0.0042135938691645735,0.0,1.01188619966895,0.0,-0.00329099744847272,0.0,1.0051392602170912,0.0,-0.0036038686880137238,0.0,1.0622406607164223,0.0,-0.005855164351442468,0.0,1.018508693684076,0.0,-0.005410352933928411,0.0,1.047580985662165,0.0,-0.004028495607993902,0.0,1.0313256273492548,0.0,-0.0039566631267756135,0.0,1.0494219401091642,0.0,-0.0037549325991993038,0.0,1.0657734501394658,0.0,-0.004844795060708108,0.0,0.964758725602501,0.0,-0.0013911526567322585,0.0,1.0527791850210888,0.0,0.003986711220641006,0.0,0.984115692881688,0.0,0.00284703075754334,0.0
1225.142,2910.11118,0.0,31381.13773,0.0,28471.02655,1.0185190509051034,0.0,-0.0021693859984161954,0.0,0.9757827154988903,0.0,-0.004917637399337862,0.0,1.0137845409019859,0.0,-0.004104988930025252,0.0,1.007790137444131,0.0,-0.0047477359481229555,0.0,1.0693921017048822,0.0,-0.008769215088767057,0.0,1.0216292408325545,0.0,-0.006738927282830401,0.0,1.0518674529492862,0.0,-0.005801905844849905,0.0,1.0361210951840443,0.0,-0.0059713694126292335,0.0,1.0545808496673261,0.0,-0.005884673543106973,0.0,1.0723326412689533,0.0,-0.007509423781457251,0.0,0.9659133523585577,0.0,-0.001910607093681408,0.0,1.0520400744032885,0.0,0.004291717624001368,0.0,0.9830453788116046,0.0,0.003319621992799203,0.0
1231.049,2915.95284,0.0,30322.63494,0.0,27406.682099999998,1.0197369279515962,0.0,-0.002688376105016421,0.0,0.9767667068316891,0.0,-0.005355364646970956,0.0,1.014822935097277,0.0,-0.0045495982630557995,0.0,1.0099083190372762,0.0,-0.005659581732172216,0.0,1.0749989974160354,0.0,-0.011040302128888797,0.0,1.0236671267843838,0.0,-0.0076043695048193,0.0,1.0551947128981367,0.0,-0.007173495027302686,0.0,1.0396438487532207,0.0,-0.007445441811277554,0.0,1.0583877039242195,0.0,-0.0074495785988206165,0.0,1.0770139224550646,0.0,-0.009401215302114643,0.0,0.9665269445366392,0.0,-0.0021864031495424548,0.0,1.051889644824975,0.0,0.004353821158440591,0.0,0.9818706737945488,0.0,0.003838899105808532,0.0
1236.957,2915.72682,0.0,27176.4504,0.0,24260.72358,1.020166920347064,0.0,-0.002871466428154559,0.0,0.9772246018063736,0.0,-0.005558908299962369,0.0,1.0146589044975218,0.0,-0.004479395531400591,0.0,1.01066975266201,0.0,-0.00598690037612127,0.0,1.078054857422352,0.0,-0.012273103646033047,0.0,1.024008179231726,0.0,-0.00774903814135046,0.0,1.0563446014086277,0.0,-0.007646505670195328,0.0,1.0409583463874574,0.0,-0.007994205189797125,0.0,1.0599216546533028,0.0,-0.008078557978908978,0.0,1.0794307578521118,0.0,-0.010374686799584538,0.0,0.9659701180272876,0.0,-0.0019361293542897277,0.0,1.0510482577288405,0.0,0.004701344299328808,0.0,0.9806599634816002,0.0,0.00437474284227176,0.0
1242.864,2939.47607,0.0,23386.17731,0.0,20446.70124,1.0206708913598819,0.0,-0.0030859585677057424,0.0,0.9771523125165006,0.0,-0.005526780577334462,0.0,1.014649898606334,0.0,-0.004475540811171149,0.0,1.010904300277241,0.0,-0.0060876760418430926,0.0,1.0793993251500162,0.0,-0.012814385120765999,0.0,1.0241067086673,0.0,-0.007790823678344165,0.0,1.0569386873870126,0.0,-0.007890683315807931,0.0,1.041591147149759,0.0,-0.008258133503167538,0.0,1.0605836083512903,0.0,-0.00834970358997185,0.0,1.080335842477444,0.0,-0.010738682873407797,0.0,0.96594798927086,0.0,-0.0019261802816328676,0.0,1.0508375936929375,0.0,0.004788399672552422,0.0,0.9806094975738981,0.0,0.004397092718899416,0.0
1248.77,2901.78335,0.0,21658.38857,0.0,18756.605219999998,1.020566085145764,0.0,-0.0030413613347294475,0.0,0.9770409023941702,0.0,-0.005477261623896798,0.0,1.0140054149948143,0.0,-0.004199598729044322,0.0,1.010665020543627,0.0,-0.00598486693472526,0.0,1.0792857754672092,0.0,-0.012768696195877081,0.0,1.0238283519196445,0.0,-0.007672764465844442,0.0,1.057083594682599,0.0,-0.00795022141953845,0.0,1.0416048528423418,0.0,-0.00826384809426651,0.0,1.0606978174699782,0.0,-0.008396468144144947,0.0,1.0797936045699852,0.0,-0.010520648777019491,0.0,0.9654082440617685,0.0,-0.0016834406274985995,0.0,1.0496712235008592,0.0,0.005270709659725037,0.0,0.9793769823769847,0.0,0.004943295077857341,0.0
1254.677,2926.69735,0.0,22279.00082,0.0,19352.303470000003,1.0208582280980527,0.0,-0.003165662855142322,0.0,0.9774793739321203,0.0,-0.005672118412955852,0.0,1.0144862124777336,0.0,-0.004405473572033178,0.0,1.0109153745096784,0.0,-0.006092433615526694,0.0,1.0803171711527528,0.0,-0.013183521976372806,0.0,1.0239087559120423,0.0,-0.007706869439677037,0.0,1.0576683851475381,0.0,-0.00819041155142022,0.0,1.041934140876719,0.0,-0.00840112220135889,0.0,1.0610494746442707,0.0,-0.008540427580108843,0.0,1.0809902016279203,0.0,-0.011001655299703948,0.0,0.9649189735448065,0.0,-0.0014632836631385295,0.0,1.0484899800922767,0.0,0.00575971646001662,0.0,0.977655413441075,0.0,0.005707378578507161,0.0
1260.584,2923.70697,0.0,23802.53857,0.0,20878.8316,1.021013622716321,0.0,-0.003231765951019482,0.0,0.9781108105685377,0.0,-0.0059525753906714916,0.0,1.014920723341626,0.0,-0.004591444823109855,0.0,1.0116170753539677,0.0,-0.006393783358389396,0.0,1.081986826312637,0.0,-0.013854215983861384,0.0,1.0243553614369878,0.0,-0.007896257435592392,0.0,1.0583075424584583,0.0,-0.008452779849680746,0.0,1.0426373183641175,0.0,-0.008694118742979056,0.0,1.0619972853270199,0.0,-0.008928199516662357,0.0,1.0820408120921863,0.0,-0.011423539554018619,0.0,0.9641358518356936,0.0,-0.001110670091833802,0.0,1.0468480367455044,0.0,0.006440358032239576,0.0,0.9761297773003734,0.0,0.006385626622464157,0.0
1266.49,2913.25803,0.0,24747.98937,0.0,21834.73134,1.021241246012052,0.0,-0.0033285761417666425,0.0,0.9790081832076254,0.0,-0.006350838361822169,0.0,1.0156143354681644,0.0,-0.004888146847087436,0.0,1.0126791131839041,0.0,-0.006849484667362363,0.0,1.0848438110436582,0.0,-0.014999458626444792,0.0,1.0258830434503527,0.0,-0.008543464111375038,0.0,1.060366085090562,0.0,-0.009296717278824751,0.0,1.0446516526729108,0.0,-0.009532349154515762,0.0,1.0641689003717323,0.0,-0.009815355718315655,0.0,1.0847163650056617,0.0,-0.012496090247959793,0.0,0.9646999054855329,0.0,-0.0013646734652943311,0.0,1.0465826271989296,0.0,0.006550479570177015,0.0,0.9753008511255629,0.0,0.00675458473968721,0.0
1272.397,2920.43841,0.0,24722.31192,0.0,21801.87351,1.0216957895743703,0.0,-0.003521832968304466,0.0,0.9799121167362465,0.0,-0.0067516442255037366,0.0,1.0167553040720305,0.0,-0.005375771156268706,0.0,1.0145309888095024,0.0,-0.007642949131944266,0.0,1.089331748443852,0.0,-0.016792404194101385,0.0,1.0276544609674694,0.0,-0.009292724392226098,0.0,1.0628205543606972,0.0,-0.010300833370239144,0.0,1.0473825701046369,0.0,-0.010666195849656569,0.0,1.0673072770249274,0.0,-0.011094263418086128,0.0,1.0883709553271324,0.0,-0.013956841402968427,0.0,0.9657209881684155,0.0,-0.001824107589279405,0.0,1.047442098016282,0.0,0.006193976182419993,0.0,0.9762799210919741,0.0,0.006318830580253898,0.0
1278.303,2915.55296,0.0,23873.76425,0.0,20958.21129,1.0221341212559174,0.0,-0.0037081156256324197,0.0,0.9805678488319124,0.0,-0.007042165777752164,0.0,1.01769538320176,0.0,-0.005777128839898504,0.0,1.016386709974809,0.0,-0.008436609738496336,0.0,1.0950442479292324,0.0,-0.01906391117295836,0.0,1.0306008452308146,0.0,-0.010536106879644385,0.0,1.0666645827101975,0.0,-0.01186876365040427,0.0,1.0517279697679773,0.0,-0.012464277232580695,0.0,1.0723853829417138,0.0,-0.013155678648486928,0.0,1.0941911903971457,0.0,-0.01627311172863357,0.0,0.9690703065719499,0.0,-0.003327723982162566,0.0,1.0506202917472351,0.0,0.004878216401134609,0.0,0.9786662748164325,0.0,0.005258565319426851,0.0
1284.209,2918.49118,0.0,22551.95143,0.0,19633.46025,1.0229862415617745,0.0,-0.004070022117685619,0.0,0.9821814033010304,0.0,-0.007756223326663494,0.0,1.0199556204057305,0.0,-0.006740599960646519,0.0,1.0196507210184715,0.0,-0.009829062723804481,0.0,1.1035006429903256,0.0,-0.02240483346969694,0.0,1.0348356449291713,0.0,-0.012316992156795433,0.0,1.0722761806594943,0.0,-0.014147547296270564,0.0,1.0579504613813553,0.0,-0.015026185785129516,0.0,1.079337570156539,0.0,-0.01596208738869629,0.0,1.102694815092515,0.0,-0.01963523039708636,0.0,0.9728154241176106,0.0,-0.005002885270000765,0.0,1.0554524462900012,0.0,0.0028853301173867203,0.0,0.9821805313202495,0.0,0.003701866614645356,0.0
1290.115,2922.73335,0.0,20910.98967,0.0,17988.25632,1.0235637452824555,0.0,-0.004315124057476651,0.0,0.9832869426223521,0.0,-0.008244788485607134,0.0,1.022104047936982,0.0,-0.007654432773975078,0.0,1.0226058531058335,0.0,-0.011085906228014794,0.0,1.112054950415561,0.0,-0.025758490659236646,0.0,1.0396064747647538,0.0,-0.014314588238143054,0.0,1.0781659558873797,0.0,-0.016526502985064185,0.0,1.0646951165970489,0.0,-0.017786115592471022,0.0,1.0872036022888962,0.0,-0.01911567560909369,0.0,1.1113589429884219,0.0,-0.02303424645911021,0.0,0.9767781928070726,0.0,-0.006768392635311878,0.0,1.0592646691839003,0.0,0.0013195139162870163,0.0,0.9859130732021947,0.0,0.0020545625610315747,0.0
1296.021,2907.15558,0.0,19094.13927,0.0,16186.98369,1.024409014524682,0.0,-0.004673620806721487,0.0,0.9845838715366001,0.0,-0.008817233737983522,0.0,1.0245224717342012,0.0,-0.00868081310160157,0.0,1.0261988519987197,0.0,-0.012609156529481224,0.0,1.1218569109462049,0.0,-0.029569710576686427,0.0,1.045161021596112,0.0,-0.016628817283535643,0.0,1.0855776731804443,0.0,-0.019501791247625983,0.0,1.0729740260830523,0.0,-0.02115006243594781,0.0,1.09669388256485,0.0,-0.022890213863169966,0.0,1.122114106485518,0.0,-0.02721691995422012,0.0,0.9821631339396253,0.0,-0.009156066097487715,0.0,1.065201057232918,0.0,-0.0011075878723844045,0.0,0.9908755026366498,0.0,-0.00012590354822711227,0.0
1301.927,2923.93298,0.0,17247.93588,0.0,14324.002900000001,1.0249470237122054,0.0,-0.00490164797463465,0.0,0.9854518990637735,0.0,-0.009199947184321067,0.0,1.0269651990924966,0.0,-0.009715051356063379,0.0,1.0293388498266778,0.0,-0.013935996498779288,0.0,1.130461676323732,0.0,-0.03288808687027829,0.0,1.0502222615439432,0.0,-0.018726832356333847,0.0,1.0914961689933753,0.0,-0.021863104267977027,0.0,1.0799499733415998,0.0,-0.023964491560228326,0.0,1.1048701044314924,0.0,-0.026116015507642122,0.0,1.1313895622012196,0.0,-0.03079206566101267,0.0,0.98804640705567,0.0,-0.011749780716298295,0.0,1.0713957248640322,0.0,-0.003625908156560508,0.0,0.9973977274187789,0.0,-0.002975186383165555,0.0
1307.833,2919.25617,0.0,15386.65086,0.0,12467.39469,1.0256672879905433,0.0,-0.00520673393124079,0.0,0.9859719400605581,0.0,-0.00942907187686404,0.0,1.028921198772123,0.0,-0.010541439550140667,0.0,1.0320932592533492,0.0,-0.015096573673766945,0.0,1.139134537979402,0.0,-0.036207262562956616,0.0,1.0547364783876911,0.0,-0.020589579054134412,0.0,1.0977398751141967,0.0,-0.02434032866251244,0.0,1.0868965102122712,0.0,-0.02674904781676323,0.0,1.1134398192378074,0.0,-0.029471541556609318,0.0,1.1413084813471963,0.0,-0.03458294251334855,0.0,0.9941559971580559,0.0,-0.014426974190549917,0.0,1.079101320245441,0.0,-0.006738222943186472,0.0,1.0041624245714804,0.0,-0.0059107782295738705,0.0
1313.738,2918.78675,0.0,13641.03508,0.0,10722.248329999999,1.0257858269544484,0.0,-0.0052569235432741125,0.0,0.9857995594474354,0.0,-0.009353136151780564,0.0,1.0302795990176439,0.0,-0.01111442477533521,0.0,1.0338985955942694,0.0,-0.015855577450635268,0.0,1.145683382059852,0.0,-0.038696856688228164,0.0,1.0585630588542805,0.0,-0.022162346726825082,0.0,1.1018279717459223,0.0,-0.025954682005163886,0.0,1.0929274942469087,0.0,-0.029152204919874802,0.0,1.1197766224464978,0.0,-0.031936189408161404,0.0,1.1489270133328466,0.0,-0.037472338484849724,0.0,1.0002857217913363,0.0,-0.017096507163601577,0.0,1.0878110067051583,0.0,-0.010229447845615584,0.0,1.0122235799774657,0.0,-0.009383262123133482,0.0
1319.644,2930.81783,0.0,12028.86888,0.0,9098.05105,1.025649480170811,0.0,-0.005199193566958949,0.0,0.9846041872891008,0.0,-0.008826194811221343,0.0,1.0312888681801802,0.0,-0.011539654468199299,0.0,1.0350164983961043,0.0,-0.016324904651930306,0.0,1.149662347739849,0.0,-0.04020255105661489,0.0,1.0606825260669428,0.0,-0.023031026816072026,0.0,1.105178707477136,0.0,-0.02727339768479634,0.0,1.0966801279929068,0.0,-0.03064082754576941,0.0,1.124748953788295,0.0,-0.03386039078007653,0.0,1.1544770173607677,0.0,-0.03956518954896086,0.0,1.0058583118194309,0.0,-0.019509246511498084,0.0,1.0966801279929068,0.0,-0.013755973120032818,0.0,1.020398564371652,0.0,-0.01287665096091688,0.0
1325.549,2911.48466,0.0,10588.48474,0.0,7677.00008,1.0242258627148535,0.0,-0.00459596732004628,0.0,0.9820320921502451,0.0,-0.007690196889977508,0.0,1.0300605116054655,0.0,-0.01102206288417796,0.0,1.0331055591183476,0.0,-0.015522330532331213,0.0,1.146873188517669,0.0,-0.03914764288228538,0.0,1.0587006207247558,0.0,-0.022218780284844326,0.0,1.1029657029780833,0.0,-0.02640289667988723,0.0,1.0953888071341535,0.0,-0.030129152407083498,0.0,1.1238104220522558,0.0,-0.03349784827210229,0.0,1.1527652817218677,0.0,-0.03892078607288176,0.0,1.009704885922054,0.0,-0.021166895288765235,0.0,1.1038384514384425,0.0,-0.016581517395977737,0.0,1.0285130764255508,0.0,-0.01631662969225169,0.0
1331.454,2932.5912,0.0,9482.32991,0.0,6549.7387100000005,1.021981931856332,0.0,-0.0036434470697882986,0.0,0.9771557299268203,0.0,-0.0055282994396755325,0.0,1.026263385093113,0.0,-0.009418158977423801,0.0,1.0272348620148237,0.0,-0.013047381993781526,0.0,1.1336621915410727,0.0,-0.03411590575746794,0.0,1.0512549102893907,0.0,-0.01915364992447137,0.0,1.0944200016797312,0.0,-0.02302491017435585,0.0,1.0865843471181769,0.0,-0.02662429796245102,0.0,1.1144175856749556,0.0,-0.02985274961289832,0.0,1.1412543936428268,0.0,-0.0345623603933042,0.0,1.008818521250598,0.0,-0.020785484492000243,0.0,1.1064978819590192,0.0,-0.017626586003836677,0.0,1.0326867283534733,0.0,-0.018075407734773213,0.0
1337.359,2939.3196,0.0,8675.01739,0.0,5735.697790000001,1.0190637955491024,0.0,-0.0024016019291532844,0.0,0.9711628216730016,0.0,-0.0028565646851631127,0.0,1.020146451962909,0.0,-0.006821847946832974,0.0,1.0185270151759511,0.0,-0.009350184667716083,0.0,1.1143596235393702,0.0,-0.0266576108765336,0.0,1.0395548211057333,0.0,-0.014293009441796775,0.0,1.0812242166615265,0.0,-0.017756652759145713,0.0,1.0721400351185517,0.0,-0.020812366927219314,0.0,1.0994159753315733,0.0,-0.023966836208810988,0.0,1.1229028124928455,0.0,-0.027522067481637456,0.0,1.0038850216339588,0.0,-0.018656411923246345,0.0,1.1074745501889491,0.0,-0.018009753964073342,0.0,1.0333291043215858,0.0,-0.018345473765087567,0.0
1343.264,2911.05002,0.0,8140.6219,0.0,5229.5718799999995,1.0162791738890873,0.0,-0.0012132552044587562,0.0,0.965373985833808,0.0,-0.00026010802063201714,0.0,1.014569102738865,0.0,-0.004440956865921662,0.0,1.0097948457685222,0.0,-0.005610781675437171,0.0,1.0911735665826627,0.0,-0.017526079676639272,0.0,1.0267690363976791,0.0,-0.008918376036978547,0.0,1.065808744558264,0.0,-0.011520167677840372,0.0,1.055768853874134,0.0,-0.014129699263329127,0.0,1.0805987009399323,0.0,-0.016469234020524283,0.0,1.1001847726777971,0.0,-0.01864552760273365,0.0,0.9971120848232802,0.0,-0.01571641735065739,0.0,1.102503237798502,0.0,-0.016055872624266675,0.0,1.0308577955715947,0.0,-0.01730557154881638,0.0
1349.169,2921.15123,0.0,7904.00058,0.0,4982.84935,1.013612021001598,0.0,-7.1981769765324e-05,0.0,0.9610796340852649,0.0,0.0016761092208501735,0.0,1.0090653994987828,0.0,-0.0020786391272619134,0.0,1.0025562021055283,0.0,-0.0024863600575359864,0.0,1.071639561007398,0.0,-0.009680980709880018,0.0,1.0161681729350296,0.0,-0.004411200969201462,0.0,1.0529588116084627,0.0,-0.006252271838389292,0.0,1.041599909096188,0.0,-0.008261786807048132,0.0,1.0647644223881663,0.0,-0.010058324278739778,0.0,1.081014606632649,0.0,-0.011011460050224797,0.0,0.9904525650569789,0.0,-0.012806118548636045,0.0,1.0985281925089707,0.0,-0.014487206145748655,0.0,1.0279535723872528,0.0,-0.016080312198290654,0.0
1355.074,2932.48689,0.0,7817.55358,0.0,4885.06669,1.0125704568426273,0.0,0.00037451859392804814,0.0,0.9578987385328819,0.0,0.003115882248893871,0.0,1.0054820131841435,0.0,-0.0005336305218702274,0.0,0.9970256618953138,0.0,-8.396857435053612e-05,0.0,1.057357726676194,0.0,-0.0038541861725211977,0.0,1.0082461576384334,0.0,-0.0010121881891024683,0.0,1.0431745958415974,0.0,-0.002197890792675211,0.0,1.0309644534248927,0.0,-0.0038045450077740673,0.0,1.0532652400698341,0.0,-0.005342544717377971,0.0,1.0670029194627024,0.0,-0.005345505598866054,0.0,0.9857444464079568,0.0,-0.010736776467774461,0.0,1.094983028778262,0.0,-0.013083387125969636,0.0,1.0248379249864448,0.0,-0.014762000509581623,0.0
1360.978,2917.69143,0.0,7775.96503,0.0,4858.2736,1.0104085204258566,0.0,0.0013027708635013728,0.0,0.9555098008477744,0.0,0.004200337525423866,0.0,1.001715660888263,0.0,0.001096211879694532,0.0,0.9924030523929324,0.0,0.0019342765605171168,0.0,1.0454153055521616,0.0,0.0010789029250746207,0.0,1.0014828456758795,0.0,0.0019108727293529223,0.0,1.035315310360454,0.0,0.001086475009104814,0.0,1.0221098766442467,0.0,-5.843837913270186e-05,0.0,1.0430228384008673,0.0,-0.001098610909360767,0.0,1.0548489899786622,0.0,-0.00037018925982293047,0.0,0.980472013762255,0.0,-0.008407639326581265,0.0,1.0904084426204403,0.0,-0.01126520447714736,0.0,1.0209816548825081,0.0,-0.01312475074733921,0.0
1366.883,2931.4785,0.0,7792.33949,0.0,4860.86099,1.0100198977300932,0.0,0.0014698410678968352,0.0,0.9534930395119158,0.0,0.0051179565323826864,0.0,0.9993090915360654,0.0,0.0021408369325544704,0.0,0.987946596267506,0.0,0.003888898636905242,0.0,1.0337570916628909,0.0,0.005949255215311325,0.0,0.9959010759532129,0.0,0.004338185850251554,0.0,1.0278577705222547,0.0,0.004226088001926016,0.0,1.0134350087637458,0.0,0.0036432437475153083,0.0,1.033810787911464,0.0,0.002754147329964674,0.0,1.0437944101750583,0.0,0.004205135363567935,0.0,0.9761042333366541,0.0,-0.006468633789893492,0.0,1.0870811695439988,0.0,-0.009937972004064755,0.0,1.0174049680034152,0.0,-0.011600666011095707,0.0
1372.787,2941.35376,0.0,7832.7794,0.0,4891.42564,1.009114077015796,0.0,0.001859506111548669,0.0,0.9515961546948917,0.0,0.005982805153210542,0.0,0.9967236014243077,0.0,0.0032659334507706837,0.0,0.9847811669891805,0.0,0.005282633417637021,0.0,1.0228916942096251,0.0,0.010538104893795235,0.0,0.9893738852789756,0.0,0.00719394453525572,0.0,1.0202735045564344,0.0,0.007442502841834746,0.0,1.0055531274518157,0.0,0.0070341254361881815,0.0,1.0241189662652217,0.0,0.006844797917908863,0.0,1.0322722640837283,0.0,0.00902584358892986,0.0,0.9712945733342478,0.0,-0.0043233998102133325,0.0,1.0828544640821731,0.0,-0.008246090317072612,0.0,1.013226401618159,0.0,-0.009813309711995795,0.0
1378.692,2917.91745,0.0,7907.9853,0.0,4990.06785,1.0081770411197915,0.0,0.0022629675104411354,0.0,0.9506289318290532,0.0,0.006424455925856783,0.0,0.9947833795486368,0.0,0.004112154858898817,0.0,0.9823309837360227,0.0,0.006364525587748103,0.0,1.0174349332745043,0.0,0.012861112182480962,0.0,0.9862470086453833,0.0,0.008568688450623373,0.0,1.0163818774528284,0.0,0.009102198682962585,0.0,1.000958932852987,0.0,0.009022886818876662,0.0,1.0193213665421403,0.0,0.008884079301389076,0.0,1.0263997933414872,0.0,0.01150354619033509,0.0,0.9682568384315656,0.0,-0.0029630104166229482,0.0,1.0795514934731798,0.0,-0.006919361614768419,0.0,1.009795003087984,0.0,-0.008340029327967976,0.0
1384.596,2922.78551,0.0,8065.05609,0.0,5142.27058,1.008283130834395,0.0,0.0022172694318752344,0.0,0.9506474317032146,0.0,0.006416004347308192,0.0,0.9945556734978346,0.0,0.004211576304066589,0.0,0.982249078771736,0.0,0.006400737778566544,0.0,1.0169958501094665,0.0,0.013048576312684705,0.0,0.9858459995700966,0.0,0.008745308955097522,0.0,1.0162243990669195,0.0,0.009169493559443225,0.0,1.000737637185945,0.0,0.009118912848890905,0.0,1.0186740912416163,0.0,0.00915994655091429,0.0,1.025414067184306,0.0,0.011920831083377683,0.0,0.9674585151837731,0.0,-0.002604788945371214,0.0,1.0787589010922876,0.0,-0.006600391262996812,0.0,1.008838041346319,0.0,-0.007928262329426679,0.0
1390.5,2924.59365,0.0,8229.25214,0.0,5304.658490000001,1.008429230662877,0.0,0.0021543448912821556,0.0,0.9510914170084491,0.0,0.006213221118955559,0.0,0.9950342307521477,0.0,0.004002654075031257,0.0,0.9822489628356829,0.0,0.00640078903887533,0.0,1.017297807233581,0.0,0.012919648698656073,0.0,0.9860635835201522,0.0,0.008649467330254557,0.0,1.0162023625388936,0.0,0.009178911210010639,0.0,1.0003312692048532,0.0,0.009295301951407866,0.0,1.0184916409199416,0.0,0.00923773812858097,0.0,1.0252511787992595,0.0,0.011989824818049027,0.0,0.9672362169350509,0.0,-0.0025049872540977326,0.0,1.0783989847384123,0.0,-0.0064554693832290615,0.0,1.0086620995652444,0.0,-0.007852514582696842,0.0
1396.404,2924.26332,0.0,8383.31274,0.0,5459.049419999999,1.008062861610804,0.0,0.0023121556360064534,0.0,0.9508007751283557,0.0,0.006345956471925613,0.0,0.9946714202854755,0.0,0.004161035879210815,0.0,0.9817257708577405,0.0,0.006632176327594738,0.0,1.0170465611941648,0.0,0.013026921361796768,0.0,0.9855342892279586,0.0,0.008882648344600497,0.0,1.0160841445542363,0.0,0.009229436978180721,0.0,1.0002071514494553,0.0,0.009349191100237164,0.0,1.01821293092452,0.0,0.009356598974176069,0.0,1.0249306444271025,0.0,0.012125623807821848,0.0,0.9666188806915031,0.0,-0.00222771132635337,0.0,1.0771005513263883,0.0,-0.00593224724865422,0.0,1.0073298805197481,0.0,-0.00727852870370487,0.0
1402.307,2926.87121,0.0,8545.9922,0.0,5619.120990000001,1.0085013243325802,0.0,0.0021232978303230834,0.0,0.9510969401639452,0.0,0.006210699101674148,0.0,0.9947678489122547,0.0,0.004118935151444057,0.0,0.9823342476204625,0.0,0.006363082607051783,0.0,1.0175720864839393,0.0,0.012802571959725182,0.0,0.9855138926275371,0.0,0.008891636588616561,0.0,1.0161573100421888,0.0,0.009198165725815147,0.0,0.9997306553813853,0.0,0.00955613715247966,0.0,1.0180395492783292,0.0,0.00943055708410403,0.0,1.0250854822757605,0.0,0.012060019227922308,0.0,0.9664573408660488,0.0,-0.002155126651022566,0.0,1.0763623582342545,0.0,-0.00563450058431483,0.0,1.006984350411718,0.0,-0.007129533260574422,0.0
1408.211,2919.76036,0.0,8699.63165,0.0,5779.871289999999,1.008977539013676,0.0,0.0019182722255450184,0.0,0.9513585725539576,0.0,0.006091247684044364,0.0,0.9949769331282116,0.0,0.0040276630220765445,0.0,0.9830254230453636,0.0,0.006057618228274814,0.0,1.0180992957716883,0.0,0.012577620043033203,0.0,0.985406124848154,0.0,0.008939130095755029,0.0,1.016058885283586,0.0,0.00924023342478894,0.0,1.0000993170905024,0.0,0.009396015792187861,0.0,1.0181895797890683,0.0,0.009366558959218264,0.0,1.0248072859767783,0.0,0.012177897704442431,0.0,0.9657701512588527,0.0,-0.0018462161648342915,0.0,1.076080048834444,0.0,-0.005520578451181295,0.0,1.006479621797945,0.0,-0.006911798193608071,0.0
1414.115,2919.06492,0.0,8836.05701,0.0,5916.992090000001,1.0086483570066762,0.0,0.00205998524650921,0.0,0.9514951100771201,0.0,0.006028922878385145,0.0,0.9951436507666515,0.0,0.0039548990386619725,0.0,0.9828966274653241,0.0,0.006114523037669617,0.0,1.0182606277575739,0.0,0.012508805497469236,0.0,0.9852367083357044,0.0,0.009013802842579022,0.0,1.0157767508524758,0.0,0.009360843010716439,0.0,0.9998530182250084,0.0,0.009502984580228465,0.0,1.0175198763870579,0.0,0.009652305534315285,0.0,1.0250243126486922,0.0,0.012085935529156005,0.0,0.9655395550816089,0.0,-0.001742507632254496,0.0,1.0755867665863312,0.0,-0.005321449328964032,0.0,1.0053354355591169,0.0,-0.006417802663002625,0.0
1420.018,2935.00786,0.0,8974.9076,0.0,6039.899740000001,1.009053392002166,0.0,0.0018856240298743433,0.0,0.9516819496079914,0.0,0.005943651382381614,0.0,0.9952860227444768,0.0,0.0038927703784279676,0.0,0.9829607982863634,0.0,0.006086169981012116,0.0,1.0187025438935513,0.0,0.012320366408337861,0.0,0.9850572734838144,0.0,0.00909290531862721,0.0,1.0160275342583747,0.0,0.009253634013584172,0.0,0.999424076532767,0.0,0.009689338951361372,0.0,1.0174902986055194,0.0,0.009664930009089755,0.0,1.025207112129977,0.0,0.012008491777911455,0.0,0.9656038711000191,0.0,-0.0017714356668325198,0.0,1.0741835741134338,0.0,-0.004754506132257787,0.0,1.0046131179654316,0.0,-0.0061056568042705435,0.0
1425.921,2929.14878,0.0,9059.1033,0.0,6129.954520000001,1.0092433850553266,0.0,0.0018038591122772202,0.0,0.9519257102090211,0.0,0.0058324269039915395,0.0,0.9950944709456016,0.0,0.003976362324561587,0.0,0.982814676739233,0.0,0.006150734609606818,0.0,1.0197460796169169,0.0,0.011875712723482052,0.0,0.984985240967171,0.0,0.009124664353551908,0.0,1.0161544412241414,0.0,0.00919939182889384,0.0,0.9992736797662244,0.0,0.00975469799399098,0.0,1.0177686995302535,0.0,0.00954611664309198,0.0,1.024892308662675,0.0,0.012141868148268212,0.0,0.9644337573323465,0.0,-0.0012448407369989867,0.0,1.0730814100721906,0.0,-0.004308670330131544,0.0,1.0034131085200937,0.0,-0.005586582366388201,0.0
1431.824,2913.60574,0.0,9090.96477,0.0,6177.3590300000005,1.009386239284201,0.0,0.0017423908739513721,0.0,0.9523968270952189,0.0,0.0056175436957394895,0.0,0.9951885134317666,0.0,0.003935320791114397,0.0,0.9831777383352119,0.0,0.00599033149888463,0.0,1.0203007805424575,0.0,0.01163953819071959,0.0,0.9847825827277519,0.0,0.009214028545964596,0.0,1.016258201848436,0.0,0.00915504781562199,0.0,0.9987865785421249,0.0,0.00996644874281442,0.0,1.017646084592237,0.0,0.00959844110438534,0.0,1.0249175771154748,0.0,0.012131160862979037,0.0,0.9635979277053612,0.0,-0.000868294832315139,0.0,1.0714439597660879,0.0,-0.003645459924200147,0.0,1.0026379768313385,0.0,-0.005250962367090663,0.0
1437.728,2925.82805,0.0,9139.32976,0.0,6213.5017100000005,1.0093817500534652,0.0,0.0017443223966888593,0.0,0.9522382959157503,0.0,0.005689840185266564,0.0,0.9949563335679841,0.0,0.0040366545550957434,0.0,0.9827722249069758,0.0,0.006169493990312284,0.0,1.0205627222721083,0.0,0.011528056116357141,0.0,0.9843844880828077,0.0,0.009389625947010616,0.0,1.0161687555083974,0.0,0.009193274086720906,0.0,0.9988244583584416,0.0,0.009949978073700252,0.0,1.0169943801302985,0.0,0.009876654052803656,0.0,1.0248838492715242,0.0,0.012145452800068169,0.0,0.9630856494928043,0.0,-0.0006373491712958652,0.0,1.070044034799179,0.0,-0.003077649339825489,0.0,1.0012539048613216,0.0,-0.0046510348757803485,0.0
1443.63,2918.7172,0.0,9119.86915,0.0,6201.15195,1.0097567033492867,0.0,0.0015830257318226165,0.0,0.953051466510186,0.0,0.005319129618908618,0.0,0.9955099471478036,0.0,0.0037950716341978216,0.0,0.9833323113457976,0.0,0.005922058056094286,0.0,1.0215770055433007,0.0,0.01109664815931334,0.0,0.984395281589576,0.0,0.009384864052864669,0.0,1.016489994250181,0.0,0.009056003416857344,0.0,0.9988529534419809,0.0,0.009937588428134627,0.0,1.0175808770497874,0.0,0.009626270212792196,0.0,1.0255898954387013,0.0,0.011846368778842707,0.0,0.9628798952426895,0.0,-0.0005445563006890065,0.0,1.068566662037688,0.0,-0.002477619665381084,0.0,1.0003281261314683,0.0,-0.004249292038081155,0.0
1449.533,2922.69858,0.0,9094.91263,0.0,6172.2140500000005,1.00974624170722,0.0,0.00158752528794592,0.0,0.9531237870792895,0.0,0.005286175226026164,0.0,0.9955536376772286,0.0,0.0037760119155747047,0.0,0.9836174281739304,0.0,0.005796152789136804,0.0,1.0222053608137585,0.0,0.010829602861609456,0.0,0.9847417540550135,0.0,0.009232034586250656,0.0,1.0163196122467593,0.0,0.009128805083908193,0.0,0.9987827512236065,0.0,0.009968112948695318,0.0,1.0173282859495125,0.0,0.009734087233409443,0.0,1.0256482793236894,0.0,0.011821646345922693,0.0,0.9615837480555296,0.0,4.044789847407887e-05,0.0,1.067142728143072,0.0,-0.0018985083616595948,0.0,0.9987263970535823,0.0,-0.0035533407863038067,0.0
1455.436,2929.9833,0.0,9069.38182,0.0,6139.398520000001,1.0100137676027585,0.0,0.0014724769452294697,0.0,0.9537168764864606,0.0,0.005016015825676366,0.0,0.9954929786835208,0.0,0.0038024742455239576,0.0,0.9837590930650321,0.0,0.005733608299124822,0.0,1.0228540824549697,0.0,0.010554074206981384,0.0,0.9845523206074589,0.0,0.009315587268679495,0.0,1.0163674356164778,0.0,0.009108369645407767,0.0,0.9993002979060559,0.0,0.009743129634373385,0.0,1.017126580015529,0.0,0.009820203446502916,0.0,1.0258424191691011,0.0,0.011739448689463907,0.0,0.9609585549432617,0.0,0.0003229050677434307,0.0,1.06599604320848,0.0,-0.001431591727606766,0.0,0.9968952333135069,0.0,-0.002756331454603172,0.0
1461.339,2931.66975,0.0,9039.17219,0.0,6107.502439999999,1.0099267123665694,0.0,0.0015099113242085021,0.0,0.9539813609963946,0.0,0.004895594092624158,0.0,0.9954038659377107,0.0,0.0038413523761543756,0.0,0.9839587767729162,0.0,0.005645464023883882,0.0,1.0226691763712172,0.0,0.01063259073493212,0.0,0.9852118061536134,0.0,0.009024779917281098,0.0,1.0168347685506616,0.0,0.008908723867249637,0.0,0.9990346463128061,0.0,0.009858596785734131,0.0,1.0173273807157088,0.0,0.00973447367525532,0.0,1.0261600796020311,0.0,0.011604986695070466,0.0,0.9603609867735069,0.0,0.0005930533293092427,0.0,1.064816000302736,0.0,-0.0009505674379923952,0.0,0.9949738636535035,0.0,-0.0019184847295221834,0.0
1467.241,2926.22793,0.0,8973.48141,0.0,6047.25348,1.0098591799065781,0.0,0.001538952991294782,0.0,0.95464885821191,0.0,0.004591826116737221,0.0,0.9954441879952416,0.0,0.0038237602278711775,0.0,0.9842844590003857,0.0,0.005501739922142672,0.0,1.0233733033462984,0.0,0.010333673703696871,0.0,0.9855902832106848,0.0,0.00885797422905821,0.0,1.0173827639849486,0.0,0.008674735716848202,0.0,0.9998820786986424,0.0,0.009490362105020559,0.0,1.0178400393429512,0.0,0.00951567613022166,0.0,1.0267323208022694,0.0,0.011362868596753194,0.0,0.9589147336354088,0.0,0.0012475709366709387,0.0,1.0636729998624102,0.0,-0.00048413436577683655,0.0,0.992893018269841,0.0,-0.0010092689202465424,0.0
1473.143,2929.14878,0.0,8901.40488,0.0,5972.2561000000005,1.0106881551847717,0.0,0.001182594688867446,0.0,0.9553010092785538,0.0,0.004295247001820764,0.0,0.996181880077112,0.0,0.0035020375709054656,0.0,0.9845350185167043,0.0,0.0053911999593318554,0.0,1.024101689142232,0.0,0.010024674622998957,0.0,0.9865650218851132,0.0,0.008428673695800531,0.0,1.0184754166854968,0.0,0.00820856072631747,0.0,1.0008591443357562,0.0,0.009066185061529612,0.0,1.0190811492494436,0.0,0.008986438913242639,0.0,1.0282310465554214,0.0,0.010729389236270656,0.0,0.9579574258377835,0.0,0.001681354198117515,0.0,1.0632640803866398,0.0,-0.0003171416740728114,0.0,0.9907356635292315,0.0,-6.460862433508262e-05,0.0
1479.046,2921.41202,0.0,8820.33284,0.0,5898.920819999999,1.0105118990222353,0.0,0.0012583388774011217,0.0,0.9553067606694882,0.0,0.004292632339214057,0.0,0.9962138634028996,0.0,0.0034880943751832757,0.0,0.9846782652695447,0.0,0.00532801607271978,0.0,1.0242874119473266,0.0,0.009945921626711023,0.0,0.9872673218895658,0.0,0.008119625128015832,0.0,1.018812073154764,0.0,0.008065028653441397,0.0,1.0016276706016205,0.0,0.008732832821345158,0.0,1.0195374058267155,0.0,0.008792042843751114,0.0,1.0284712484070944,0.0,0.010627946903606071,0.0,0.9557845090722883,0.0,0.002667575118721139,0.0,1.0611467692153225,0.0,0.0005485447940739643,0.0,0.9878777233697471,0.0,0.001189995748880567,0.0
1484.948,2927.44495,0.0,8723.89772,0.0,5796.452770000001,1.0104281777836344,0.0,0.0012943218067126552,0.0,0.9556460993988223,0.0,0.004138392072722458,0.0,0.9958886596776323,0.0,0.0036298884676019627,0.0,0.984976872329454,0.0,0.005196334747503063,0.0,1.0239318158025807,0.0,0.010096719395727646,0.0,0.9878939167134797,0.0,0.00784407629865918,0.0,1.0195416946354243,0.0,0.0077541203101802215,0.0,1.0019326130039354,0.0,0.008600633351501422,0.0,1.0201208453907575,0.0,0.008543584956311218,0.0,1.028937023496182,0.0,0.010431307707373532,0.0,0.9541094216489233,0.0,0.003429378064429108,0.0,1.0597136910683393,0.0,0.001135455661382203,0.0,0.9851419318991533,0.0,0.0023943830418388925,0.0
1490.85,2935.66853,0.0,8615.68104,0.0,5680.01251,1.010636395587798,0.0,0.0012048364484577847,0.0,0.955877128869211,0.0,0.004033413149995703,0.0,0.9960246724879132,0.0,0.0035705790467440613,0.0,0.9849223237010091,0.0,0.005220386910560749,0.0,1.0237224407099064,0.0,0.01018553365470146,0.0,0.9880983941706144,0.0,0.007754193933090202,0.0,1.019964808140889,0.0,0.007573923911661142,0.0,1.002229593680948,0.0,0.008471924138472392,0.0,1.0201608059486478,0.0,0.008526572942527403,0.0,1.02924397608413,0.0,0.010301768258542485,0.0,0.9521219029850342,0.0,0.004335006557715383,0.0,1.058555902722827,0.0,0.0016102027296618152,0.0,0.9827906382551261,0.0,0.003432177076391452,0.0
1496.751,2921.23816,0.0,8465.20191,0.0,5543.96375,1.0110299566803627,0.0,0.0010357468133060186,0.0,0.9562414039954718,0.0,0.0038679394344027958,0.0,0.9963379251893557,0.0,0.00343401362340455,0.0,0.984971804694791,0.0,0.005198569166903044,0.0,1.0237477653060052,0.0,0.010174790316595347,0.0,0.9887500851714625,0.0,0.007467853509143002,0.0,1.0205157925139754,0.0,0.007339381639036302,0.0,1.0028681302254188,0.0,0.008195316266621153,0.0,1.0206099291323831,0.0,0.0083354179830926,0.0,1.0296938972589784,0.0,0.010111963321571785,0.0,0.9502628764482813,0.0,0.005183799328080368,0.0,1.057327265171963,0.0,0.0021145694892902925,0.0,0.9800825862182089,0.0,0.004630515092181233,0.0
1502.653,2933.13017,0.0,8300.48132,0.0,5367.35115,1.011043611335174,0.0,0.001029881407288426,0.0,0.9564033629512017,0.0,0.0037943890478888236,0.0,0.9960583368949131,0.0,0.00355590067628546,0.0,0.984884715433608,0.0,0.005236970324756878,0.0,1.0234094186291498,0.0,0.010318347535571674,0.0,0.9890501369562896,0.0,0.0073360800024182314,0.0,1.0205959433080878,0.0,0.007305273709509312,0.0,1.0028784291484263,0.0,0.008190856315875284,0.0,1.020550565244832,0.0,0.008360679503552276,0.0,1.0296942934318727,0.0,0.010111796227574998,0.0,0.9480654959569769,0.0,0.006189221426922922,0.0,1.0558635221770425,0.0,0.0027162147463974697,0.0,0.976728820882159,0.0,0.006119185078369501,0.0
1508.555,2933.49528,0.0,8077.42723,0.0,5143.93195,1.0109018510635623,0.0,0.0010907788992928508,0.0,0.9563804824439794,0.0,0.0038047790122898197,0.0,0.9955722275836094,0.0,0.003767902439522608,0.0,0.9850963016724977,0.0,0.005143679338141377,0.0,1.0231970428768988,0.0,0.010408480757916568,0.0,0.989020144405293,0.0,0.007349250009085627,0.0,1.0209917084925666,0.0,0.007136896282510324,0.0,1.0033690084099964,0.0,0.007978463899572158,0.0,1.0207447923178687,0.0,0.008278034191105779,0.0,1.0301343158320748,0.0,0.00992624748592822,0.0,0.9454134147322847,0.0,0.007405802174802741,0.0,1.0539963227935005,0.0,0.0034849052378744493,0.0,0.9737880552638336,0.0,0.007428744881659741,0.0
1514.456,2928.19255,0.0,7797.94263,0.0,4869.75008,1.0111093011163317,0.0,0.0010016652330232627,0.0,0.9562831240818009,0.0,0.0038489919092713036,0.0,0.9954118733748242,0.0,0.0038378587472022605,0.0,0.9845667788355987,0.0,0.005377190189741406,0.0,1.023293961319674,0.0,0.010367345815386054,0.0,0.9892085694056809,0.0,0.007266517474068547,0.0,1.0206355086707037,0.0,0.007288437775843773,0.0,1.0030623111566332,0.0,0.008111233882266287,0.0,1.0205533237549638,0.0,0.008359505623344605,0.0,1.0302759274250066,0.0,0.009866549536277738,0.0,0.94389021705196,0.0,0.008106077640970447,0.0,1.0527649316245815,0.0,0.003992591098818481,0.0,0.9714345566579877,0.0,0.008479639468379955,0.0
1520.358,2916.61351,0.0,7442.96337,0.0,4526.34986,1.0114955873075175,0.0,0.0008357781986673982,0.0,0.9562581779747797,0.0,0.003860321292446702,0.0,0.9957131550586767,0.0,0.003706430562707773,0.0,0.9844135048809506,0.0,0.005444804917433844,0.0,1.023733070425979,0.0,0.010181024226282137,0.0,0.9895039333084164,0.0,0.007136862545534774,0.0,1.0217184890785265,0.0,0.006827858993000802,0.0,1.0030296155675424,0.0,0.008125390276334585,0.0,1.0207842462270469,0.0,0.00826124813053627,0.0,1.0302381420423388,0.0,0.009882477583976371,0.0,0.9425129103917742,0.0,0.008740254694637972,0.0,1.0508065057083325,0.0,0.004801248032721774,0.0,0.9687230208934843,0.0,0.009693567450674229,0.0
1526.259,2933.2171,0.0,7090.50232,0.0,4157.28522,1.0115413635247283,0.0,0.0008161242239515427,0.0,0.9570449510798782,0.0,0.0035031471132747627,0.0,0.995847273139465,0.0,0.0036479369898559247,0.0,0.9851682055146556,0.0,0.005111980607563083,0.0,1.0245352687155778,0.0,0.009840843887876032,0.0,0.9890781465314041,0.0,0.007323781099445113,0.0,1.021630067517956,0.0,0.006865445332088238,0.0,1.002829880409312,0.0,0.008211880758367046,0.0,1.0205374746936415,0.0,0.008366250212934606,0.0,1.0307349732429472,0.0,0.00967309003647173,0.0,0.9410031385818652,0.0,0.009436490552849421,0.0,1.0490702367541673,0.0,0.005519435136266251,0.0,0.9661207729211325,0.0,0.010861767819069529,0.0
1532.16,2942.25784,0.0,6699.93285,0.0,3757.67501,1.011884393908775,0.0,0.0006688727581673432,0.0,0.9578071654472321,0.0,0.0031574018639206024,0.0,0.9960215505704415,0.0,0.0035719402917947047,0.0,0.9854200749521445,0.0,0.005000962483136554,0.0,1.0255704284549079,0.0,0.009402267280332279,0.0,0.9892364214860614,0.0,0.007254289684187855,0.0,1.0216475639281002,0.0,0.006858007679698753,0.0,1.0025334229209992,0.0,0.008340286271739387,0.0,1.019554133820636,0.0,0.008784917243637643,0.0,1.0301231718279968,0.0,0.009930945713704514,0.0,0.9401103024074453,0.0,0.009848750488334633,0.0,1.045925757161208,0.0,0.006823142795053805,0.0,0.9637354588575768,0.0,0.011935349618463374,0.0
1538.061,2918.10869,0.0,6275.68691,0.0,3357.5782200000003,1.0124036544411465,0.0,0.00044606653352041985,0.0,0.9581814329257828,0.0,0.0029877324797751535,0.0,0.9962628450693248,0.0,0.0034667415861075277,0.0,0.9858185284511404,0.0,0.00482539149140883,0.0,1.0263623463699973,0.0,0.009067046163988747,0.0,0.9883997996627462,0.0,0.00762173872167516,0.0,1.0216351504686614,0.0,0.006863284577406236,0.0,1.0023946873231742,0.0,0.008400390276832922,0.0,1.0201630864760611,0.0,0.00852560209620724,0.0,1.030343147150865,0.0,0.009838215181436601,0.0,0.9387962464207311,0.0,0.010456218014958697,0.0,1.0435865943876652,0.0,0.007795509298128077,0.0,0.9620895890848373,0.0,0.01267767284769187,0.0
1543.962,2921.42941,0.0,5925.85189,0.0,3004.4224799999997,1.0121059938281383,0.0,0.0005737738652700723,0.0,0.9576701243428319,0.0,0.0032195442822658335,0.0,0.9959801292659748,0.0,0.0035900015656859987,0.0,0.9848009924356577,0.0,0.0052738903632126195,0.0,1.0256891134698207,0.0,0.009352011087914607,0.0,0.9884675107343758,0.0,0.007591988070602791,0.0,1.0212231836316177,0.0,0.007038445941749552,0.0,1.0020331062094838,0.0,0.008557076074790969,0.0,1.0194565079941753,0.0,0.00882650442997795,0.0,1.0299233548538753,0.0,0.010015195664761209,0.0,0.9376871324701311,0.0,0.010969606121731444,0.0,1.0412475278776372,0.0,0.00877001762327011,0.0,0.9605836027428474,0.0,0.013358019039321887,0.0
1549.863,2925.54988,0.0,5631.09429,0.0,2705.54441,1.013262524860939,0.0,7.778995355006528e-05,0.0,0.956900700070194,0.0,0.003568611268535169,0.0,0.9969320074845861,0.0,0.0031751358206290204,0.0,0.986023640986917,0.0,0.0047350402004597844,0.0,1.0268403134436075,0.0,0.008864846478187787,0.0,0.9893360205460459,0.0,0.007210565915200033,0.0,1.0223508214378192,0.0,0.006559161193257014,0.0,1.0031194498115814,0.0,0.00808649534357865,0.0,1.020948660014788,0.0,0.008191303623396491,0.0,1.0316385529225152,0.0,0.009292538512776779,0.0,0.9361843666798284,0.0,0.011666177930983394,0.0,1.0422127242036292,0.0,0.008367629847549081,0.0,0.9603545225117928,0.0,0.013461602053708234,0.0
1555.763,2932.12178,0.0,5393.16766,0.0,2461.04588,1.0130026182201852,0.0,0.00018920283640388568,0.0,0.9583979759044555,0.0,0.0028895957464894657,0.0,0.997185960629064,0.0,0.003064520047973123,0.0,0.9859086414106185,0.0,0.0047856947608725066,0.0,1.0261891744984455,0.0,0.0091403282108944,0.0,0.9902357285594368,0.0,0.006815795427471162,0.0,1.023332665378835,0.0,0.006142274181005171,0.0,1.0035423029171646,0.0,0.00790346223111819,0.0,1.020341823127653,0.0,0.008449518631439827,0.0,1.0318244249879647,0.0,0.009214297988524918,0.0,0.9392659392436843,0.0,0.010238988780476393,0.0,1.0455626329079246,0.0,0.00697394722866156,0.0,0.9651854479039617,0.0,0.011282422525320607,0.0
1561.664,2930.07023,0.0,5235.57254,0.0,2305.5023100000003,1.01166796054956,0.0,0.0007617745442349746,0.0,0.9572685312121852,0.0,0.00340170122255325,0.0,0.995811329289017,0.0,0.003663612583946746,0.0,0.9852604571886113,0.0,0.00507131494558511,0.0,1.0234793995934013,0.0,0.010288651397360396,0.0,0.9899245687591611,0.0,0.006952284362781188,0.0,1.0212076733941766,0.0,0.007045042013788536,0.0,1.0040377361408932,0.0,0.0076891107079921535,0.0,1.0209661598647455,0.0,0.00818385954375428,0.0,1.030732343963689,0.0,0.009674197870162464,0.0,0.9420614894113899,0.0,0.008948311903274903,0.0,1.0487855984841759,0.0,0.005637285780412449,0.0,0.9696154067180265,0.0,0.009293680350270693,0.0
1567.564,2914.7706,0.0,5128.73808,0.0,2213.9674800000003,1.0100280696083215,0.0,0.0014663272883443206,0.0,0.9558253945085045,0.0,0.004056918844119503,0.0,0.9960626657443045,0.0,0.0035540132453501074,0.0,0.9851466291636766,0.0,0.005121492275450097,0.0,1.022036683212709,0.0,0.010901273192172087,0.0,0.990679298505324,0.0,0.006621299469366272,0.0,1.022814734388059,0.0,0.006362135737538589,0.0,1.0051712051344133,0.0,0.0071991075317148785,0.0,1.0212036221959322,0.0,0.00808286051667534,0.0,1.0318526946023614,0.0,0.009202399482288404,0.0,0.9452711473431397,0.0,0.007471160451287796,0.0,1.0537876373866157,0.0,0.0035709016423182798,0.0,0.9771777361427186,0.0,0.005919624435888709,0.0
1573.465,2936.43351,0.0,5112.76539,0.0,2176.3318799999997,1.0095698409748057,0.0,0.0016634023292304645,0.0,0.9556452943197251,0.0,0.0041387579420091025,0.0,0.9956028443603004,0.0,0.003754546811121089,0.0,0.9845540561580158,0.0,0.005382802225906146,0.0,1.0201151214124566,0.0,0.011718571818931978,0.0,0.9914295608259895,0.0,0.006292523580118435,0.0,1.0216981198657993,0.0,0.006836517273108446,0.0,1.0048528673852815,0.0,0.007336670390663182,0.0,1.0214103007120405,0.0,0.007994973776676684,0.0,1.0301967639237086,0.0,0.009899920783509627,0.0,0.9508005690749705,0.0,0.0049381295188923,0.0,1.0608897802847974,0.0,0.0006537351358795046,0.0,0.9867126423751142,0.0,0.0017024952671969885,0.0
1579.365,2929.70513,0.0,5115.56669,0.0,2185.86156,1.0097191699551185,0.0,0.0015991690749461648,0.0,0.9535143845065835,0.0,0.005108234479616558,0.0,0.9950409393722084,0.0,0.003999726028174239,0.0,0.984422389494786,0.0,0.005440885303032654,0.0,1.0180055867765019,0.0,0.012617595684653374,0.0,0.9909097262317017,0.0,0.006520296194474094,0.0,1.0200831657426652,0.0,0.007523530926732899,0.0,1.003844676238325,0.0,0.007772626406026629,0.0,1.0201229669824106,0.0,0.00854268173529207,0.0,1.0292293259413923,0.0,0.010307950001238861,0.0,0.9547242644223087,0.0,0.003149602162628478,0.0,1.0663716964765144,0.0,-0.0015846086205823263,0.0,0.9932738283754805,0.0,-0.0011758045059533698,0.0
1585.265,2920.90783,0.0,5150.5919,0.0,2229.6840700000002,1.0086698426293192,0.0,0.0020507342643328107,0.0,0.954162241469483,0.0,0.004813257111822379,0.0,0.9958250722040631,0.0,0.003657619048012781,0.0,0.9843304213049339,0.0,0.005481460511025617,0.0,1.0172851035348698,0.0,0.012925072066974866,0.0,0.990292333209341,0.0,0.006790970647065679,0.0,1.019111169413342,0.0,0.007937549999802587,0.0,1.004206156435427,0.0,0.007616266961275523,0.0,1.0194311205712654,0.0,0.008837319756458545,0.0,1.0283117688507322,0.0,0.010695295856667368,0.0,0.9587896548949196,0.0,0.0013042230538583138,0.0,1.0706476635499305,0.0,-0.003322572644493531,0.0,1.0006086826462366,0.0,-0.004371079139492708,0.0
1591.165,2942.08398,0.0,5235.71174,0.0,2293.62776,1.008215914687046,0.0,0.00224622218735914,0.0,0.9540432358561969,0.0,0.004867426834996139,0.0,0.994591022912977,0.0,0.004196140483305695,0.0,0.9832648476490361,0.0,0.00595185481554732,0.0,1.014937371528848,0.0,0.013928512902126561,0.0,0.9893413698480873,0.0,0.007208217707887499,0.0,1.0181463839624965,0.0,0.00834888829932335,0.0,1.0019875936625395,0.0,0.008576802266241915,0.0,1.0188443263348017,0.0,0.009087375759768595,0.0,1.0261423850224065,0.0,0.011612475511580926,0.0,0.9628430421508328,0.0,-0.0005279338737286393,0.0,1.073633657102232,0.0,-0.004532116698727488,0.0,1.0053862401804905,0.0,-0.006439749178016279,0.0
1597.065,2938.01564,0.0,5315.71782,0.0,2377.7021799999998,1.0073840282217348,0.0,0.002604709716830975,0.0,0.9533109062464671,0.0,0.005200922033447335,0.0,0.9947309422915194,0.0,0.004135048095873822,0.0,0.9837684339423872,0.0,0.005729484655174915,0.0,1.0154999100854594,0.0,0.013687867796309034,0.0,0.9882836882455985,0.0,0.007672760089658091,0.0,1.0161585501847838,0.0,0.00919763570280411,0.0,1.0007098618212986,0.0,0.009130966812440364,0.0,1.0171318722515532,0.0,0.009817943764209618,0.0,1.0246037962584533,0.0,0.012264141467686467,0.0,0.9628022925898988,0.0,-0.000509553220617711,0.0,1.0747858127463215,0.0,-0.004997924138580707,0.0,1.0070181203265751,0.0,-0.007144097381414653,0.0
1602.964,2921.09908,0.0,5390.85336,0.0,2469.75428,1.007151221537715,0.0,0.0027050868719908686,0.0,0.9540638633896811,0.0,0.004858036980546827,0.0,0.9944340495281982,0.0,0.004264689317507101,0.0,0.9841969744455711,0.0,0.005540342327821729,0.0,1.0152324870148621,0.0,0.013802250533031213,0.0,0.987811293518641,0.0,0.007880400338734314,0.0,1.0162611440033622,0.0,0.009153790497553226,0.0,1.0003522779602187,0.0,0.009286181082152761,0.0,1.0164584227383138,0.0,0.01010558815241574,0.0,1.0246947360285574,0.0,0.01222559692208177,0.0,0.9631382560049657,0.0,-0.0006610709389308321,0.0,1.0758185425636755,0.0,-0.005415024470718736,0.0,1.0072780398218402,0.0,-0.00725617782459128,0.0
1608.864,2922.21178,0.0,5475.00404,0.0,2552.7922599999997,1.0085410710231468,0.0,0.002106181910073737,0.0,0.9528919834628454,0.0,0.005391810272240456,0.0,0.9944650255246386,0.0,0.0042511615276908075,0.0,0.9822840617669377,0.0,0.006385270570134501,0.0,1.0172321503356485,0.0,0.012947679181446237,0.0,0.9855695739221647,0.0,0.008867099749442754,0.0,1.0171230854484024,0.0,0.008785599940841072,0.0,1.000020448197379,0.0,0.009430266066285987,0.0,1.0175661610631805,0.0,0.009632550910608658,0.0,1.0246690226176103,0.0,0.0122364951264037,0.0,0.9611533372480534,0.0,0.00023488430185910486,0.0,1.0720993998939812,0.0,-0.003911051976118036,0.0,1.0073072808517527,0.0,-0.007268785101936898,0.0
1614.763,2929.34002,0.0,5569.78864,0.0,2640.4486199999997,1.0081918011341573,0.0,0.0022566093554670205,0.0,0.9519571677937063,0.0,0.005818075332682294,0.0,0.9949518123931533,0.0,0.004038628034409047,0.0,0.9839592069017424,0.0,0.005645274175955985,0.0,1.0161727479476574,0.0,0.013400213404450516,0.0,0.9874125102271448,0.0,0.00805576212305131,0.0,1.0159882149117527,0.0,0.009270441142445308,0.0,0.9996638904490407,0.0,0.009585141574616495,0.0,1.015368717911277,0.0,0.01057142781878529,0.0,1.0221172908109837,0.0,0.013319366953122297,0.0,0.960385977894923,0.0,0.0005817519904782222,0.0,1.0681914386200024,0.0,-0.0023250919071790173,0.0,1.0034533336232843,0.0,-0.00560399213515521,0.0
1620.663,2930.6092,0.0,5638.36818,0.0,2707.7589800000005,1.008206790251324,0.0,0.0022501526053958078,0.0,0.9543910182138885,0.0,0.004709140050739743,0.0,0.9949551270623058,0.0,0.004037181190344413,0.0,0.984479829885007,0.0,0.005415545248790343,0.0,1.0169920145551505,0.0,0.013050214237967733,0.0,0.9870247425049623,0.0,0.008226347826837236,0.0,1.0151475630966238,0.0,0.009629935046606615,0.0,0.999093852141892,0.0,0.00983285993758259,0.0,1.0151475630966238,0.0,0.01066603067120103,0.0,1.0222940189455119,0.0,0.013244282205305121,0.0,0.9590566107179892,0.0,0.001183319263290114,0.0,1.0657067195840302,0.0,-0.0013137031959150614,0.0,0.9995115813446585,0.0,-0.0038946426994173455,0.0
1626.562,2924.12423,0.0,5672.00576,0.0,2747.88153,1.0092585869231414,0.0,0.0017973175409551597,0.0,0.9557722308355849,0.0,0.0040810752769236645,0.0,0.9950667487473523,0.0,0.00398846144257022,0.0,0.9844530233441324,0.0,0.005427370875817069,0.0,1.0179409335743816,0.0,0.012645178461162447,0.0,0.9870874527840362,0.0,0.008198755952135726,0.0,1.0159714127122506,0.0,0.009277623472673326,0.0,0.999176736705967,0.0,0.009796832475601945,0.0,1.0154774467296632,0.0,0.010524924714102815,0.0,1.0230072327754247,0.0,0.012941397881499662,0.0,0.9573997209406623,0.0,0.0019342659504793386,0.0,1.0622715164871026,0.0,8.846438255815173e-05,0.0,0.9958330190457667,0.0,-0.002293334216294878,0.0
1632.461,2937.84178,0.0,5718.85164,0.0,2781.0098599999997,1.0087729318586451,0.0,0.0020063502708485602,0.0,0.9560984260587988,0.0,0.003932880328349361,0.0,0.9950190935317287,0.0,0.004009260944524891,0.0,0.984600536439666,0.0,0.005362299894684789,0.0,1.0175146196712874,0.0,0.012827099189506998,0.0,0.9857831787766477,0.0,0.008772984264686666,0.0,1.0157062082476758,0.0,0.009391004488447567,0.0,0.9977348120585233,0.0,0.010424021022764867,0.0,1.0144234224325979,0.0,0.010975938834153372,0.0,1.0222139953146374,0.0,0.013278279451670486,0.0,0.9541586738566976,0.0,0.003406959870556815,0.0,1.058251253377433,0.0,0.0017352094220780233,0.0,0.9910519015563648,0.0,-0.00020321120085468143,0.0
1638.36,2905.57347,0.0,5684.48287,0.0,2778.9094,1.0090425150240596,0.0,0.0018903054838676856,0.0,0.9552577640710418,0.0,0.004314907381031706,0.0,0.9948838598336457,0.0,0.004068290204053256,0.0,0.9844512383167296,0.0,0.00542815834686497,0.0,1.0186862443230427,0.0,0.012327315316244283,0.0,0.9866617457913528,0.0,0.008386097080208502,0.0,1.0156365659132323,0.0,0.009420783097899652,0.0,0.9983468010867862,0.0,0.01015771581306051,0.0,1.0146158345428604,0.0,0.01089357126270142,0.0,1.022932007067233,0.0,0.012973334421298539,0.0,0.952226981563343,0.0,0.00428707936628284,0.0,1.0552764908420549,0.0,0.002957737785597079,0.0,0.987538435042179,0.0,0.0013391805667312302,0.0
1644.259,2942.79681,0.0,5693.70586,0.0,2750.90905,1.0094002598886358,0.0,0.0017363584667190396,0.0,0.956465925327484,0.0,0.0037659809439265224,0.0,0.9949329876972849,0.0,0.004046845054348136,0.0,0.9849318500733422,0.0,0.005216186344862099,0.0,1.019768432547779,0.0,0.011866193051550086,0.0,0.986506976666495,0.0,0.00845422645634097,0.0,1.0154794575996615,0.0,0.009487969091206888,0.0,0.9984881179550447,0.0,0.010096245397452583,0.0,1.014688718989092,0.0,0.010862375045481584,0.0,1.0230768988891144,0.0,0.012911823722456523,0.0,0.9502477662792959,0.0,0.005190705117359966,0.0,1.0534732836768992,0.0,0.0037004746640013422,0.0,0.9840272581894338,0.0,0.002886059120660707,0.0
1650.158,2931.91315,0.0,5625.09072,0.0,2693.1775700000003,1.0105514617069975,0.0,0.0012413360896433804,0.0,0.9549518637941127,0.0,0.0044540029038273934,0.0,0.9960262553352544,0.0,0.0035698888817925776,0.0,0.9847964425160424,0.0,0.005275896869666135,0.0,1.0205925263219833,0.0,0.011515373362892994,0.0,0.9870643694689615,0.0,0.008208912168337988,0.0,1.0167415065765604,0.0,0.008948558282360934,0.0,0.9997286216816367,0.0,0.0095570206159128,0.0,1.015300606413412,0.0,0.01060056151114342,0.0,1.0240494056988598,0.0,0.012499192247875053,0.0,0.9459126603375062,0.0,0.00717652429474178,0.0,1.0507095898619117,0.0,0.004841304844495041,0.0,0.9802799857716027,0.0,0.004543052152127407,0.0
1656.056,2930.17455,0.0,5530.58338,0.0,2600.40883,1.0115767642582572,0.0,0.0008009255630159031,0.0,0.9560491763135569,0.0,0.003955251919927221,0.0,0.9946399159089151,0.0,0.004174791571090906,0.0,0.9839198054099823,0.0,0.005662665337044073,0.0,1.0223037390624459,0.0,0.010787807859983088,0.0,0.9861682134035822,0.0,0.00860338737035398,0.0,1.0180477390549392,0.0,0.008390967724432402,0.0,0.9989159358453646,0.0,0.009910204970115726,0.0,1.0164015517513836,0.0,0.01012988766750341,0.0,1.0256362765850167,0.0,0.01182672874481108,0.0,0.9446601709931896,0.0,0.0077519576041007,0.0,1.0485426093557757,0.0,0.0057379174676270225,0.0,0.9746518473404813,0.0,0.0070436776733001465,0.0
1661.955,2924.41979,0.0,5407.62768,0.0,2483.2078899999997,1.0106162114360875,0.0,0.0012135101448375232,0.0,0.9582645937871921,0.0,0.0029500415636318257,0.0,0.9964332466743252,0.0,0.0033924658576147317,0.0,0.9852775636920195,0.0,0.0050637746089295605,0.0,1.0222836115424876,0.0,0.010796358505520413,0.0,0.9874708556922313,0.0,0.00803010074580163,0.0,1.018044099400796,0.0,0.008392520386920968,0.0,1.0001541634921274,0.0,0.009372199321110383,0.0,1.0156825854801874,0.0,0.01043720082601196,0.0,1.0256261790469747,0.0,0.011831004458082597,0.0,0.943752760063919,0.0,0.008169327749422611,0.0,1.0478961107038045,0.0,0.006005772476526342,0.0,0.9728536421491478,0.0,0.007845678815863757,0.0
1667.853,2921.23816,0.0,5275.38397,0.0,2354.14581,1.0114491591325856,0.0,0.0008557129993749368,0.0,0.9591340478608671,0.0,0.0025561754951530964,0.0,0.9961565294887149,0.0,0.003513089529349438,0.0,0.9857348598131225,0.0,0.004862252606139625,0.0,1.023718845180622,0.0,0.010187058991265159,0.0,0.9888835262927067,0.0,0.00740924533989733,0.0,1.0201118426050253,0.0,0.007511322090782275,0.0,1.0009460841340154,0.0,0.009028461636564464,0.0,1.0171331146221567,0.0,0.009817413297725595,0.0,1.0273110695721945,0.0,0.011118134327734295,0.0,0.9433393380166202,0.0,0.008359617260882187,0.0,1.044777090506556,0.0,0.007300359957132168,0.0,0.9706494305890084,0.0,0.008830783847480834,0.0
1673.751,2943.97906,0.0,5156.62957,0.0,2212.65051,1.0118349146788663,0.0,0.0006901094548092419,0.0,0.9596046734014042,0.0,0.0023431292089319544,0.0,0.9968702513258635,0.0,0.0032020395507726023,0.0,0.986293623930695,0.0,0.004616142388724582,0.0,1.0254314134770433,0.0,0.00946113942432225,0.0,0.988251669261586,0.0,0.0076868308402987815,0.0,1.0199031522605888,0.0,0.007600177384061513,0.0,1.001344694964954,0.0,0.00885554520664577,0.0,1.0181888462810154,0.0,0.009366871826901163,0.0,1.027900655671103,0.0,0.010868959030374976,0.0,0.9415187308546074,0.0,0.009198598087217902,0.0,1.0423465882101732,0.0,0.008311851727827335,0.0,0.9678063256361257,0.0,0.010104731600918246,0.0
1679.649,2928.14039,0.0,4991.19788,0.0,2063.0574899999997,1.012043076899423,0.0,0.0006007723461263102,0.0,0.9604389793325635,0.0,0.0019657060348181633,0.0,0.9963061378381657,0.0,0.0034478696566755855,0.0,0.9864643035226326,0.0,0.004540993578923424,0.0,1.0266500619912442,0.0,0.008945319371716071,0.0,0.9893401031689137,0.0,0.007208773746626342,0.0,1.0209742385802347,0.0,0.007144327441228837,0.0,1.0014842969790438,0.0,0.008795002459637578,0.0,1.017988747371262,0.0,0.009452229659038552,0.0,1.0294415983531315,0.0,0.01021838858924489,0.0,0.9404859628996576,0.0,0.009675244580642957,0.0,1.0413330847120505,0.0,0.00873433414396457,0.0,0.9647989887087444,0.0,0.0114563483819471,0.0
1685.547,2925.34125,0.0,4845.121,0.0,1919.7797500000001,1.0119806608023654,0.0,0.0006275575720480877,0.0,0.9597992894757847,0.0,0.0022550594861247865,0.0,0.9973990714299384,0.0,0.0029717159371246407,0.0,0.9868685040562597,0.0,0.004363079277678935,0.0,1.0266258199671083,0.0,0.00895557437680854,0.0,0.9887534859142044,0.0,0.007466359783590437,0.0,1.0206988640233339,0.0,0.007261480036412948,0.0,1.0022928151002741,0.0,0.00844452937008242,0.0,1.0193304101681455,0.0,0.008880226169711227,0.0,1.03002431398706,0.0,0.009972625656660369,0.0,0.9381949986710714,0.0,0.010734449029139247,0.0,1.0390688723537167,0.0,0.009679666191937043,0.0,0.9622461014082472,0.0,0.012607027752979503,0.0
1691.445,2926.12362,0.0,4704.04395,0.0,1777.9203300000004,1.0123097416856692,0.0,0.0004863544988111127,0.0,0.9603902611316674,0.0,0.001987736151161948,0.0,0.9971916683128311,0.0,0.0030620342443534194,0.0,0.9867999090825402,0.0,0.004393267143468694,0.0,1.027222457150259,0.0,0.008703251703788936,0.0,0.9897256419808192,0.0,0.007039565238926634,0.0,1.021566568171252,0.0,0.006892439714719008,0.0,1.0032290985727126,0.0,0.008039026171791372,0.0,1.0187386293062972,0.0,0.009132432709373675,0.0,1.029981911506687,0.0,0.009990504401898774,0.0,0.9373665579266983,0.0,0.011118107209802764,0.0,1.0373111206844683,0.0,0.010414967086211886,0.0,0.9619069207673665,0.0,0.012760138530065265,0.0
1697.343,2940.32799,0.0,4580.94405,0.0,1640.6160599999998,1.0118972930205257,0.0,0.0006633365749999075,0.0,0.9604065682497341,0.0,0.001980362033000168,0.0,0.9973278940107414,0.0,0.0030027096128928746,0.0,0.9872863185308575,0.0,0.00417924919362445,0.0,1.0281103977490018,0.0,0.008328005694011245,0.0,0.9897145283339481,0.0,0.007044441966783714,0.0,1.0233068911930556,0.0,0.006153212684196123,0.0,1.002746340298534,0.0,0.008248060893307735,0.0,1.0200303354338733,0.0,0.008582119330849099,0.0,1.0313233432568008,0.0,0.009425254313084276,0.0,0.9372701739857402,0.0,0.011162765476683496,0.0,1.0372084618018427,0.0,0.010457949747504112,0.0,0.9600460573328778,0.0,0.013601119535238055,0.0
1703.241,2945.89153,0.0,4467.6432,0.0,1521.7516700000006,1.0128718110754555,0.0,0.00024528609645897096,0.0,0.9603791793440252,0.0,0.0019927474337461705,0.0,0.996456268058506,0.0,0.0033824321251453614,0.0,0.9880542204366363,0.0,0.0038415903742529383,0.0,1.0275727576497418,0.0,0.008555175073756553,0.0,0.989883237650726,0.0,0.006970417307068848,0.0,1.0217197987369384,0.0,0.006827302306337079,0.0,1.00379523158335,0.0,0.007794018231060538,0.0,1.0195592359691643,0.0,0.008782743911850858,0.0,1.0308193254685236,0.0,0.009637550146838503,0.0,0.9352765290541787,0.0,0.012087526731921452,0.0,1.03678662629626,0.0,0.010634614423252885,0.0,0.9589388523555882,0.0,0.014102273101275575,0.0
