wavelength_nm,dark_mean,water_mean_raw,water_corr,std_trans_2pct,std_norm_2pct,std_trans_4pct,std_norm_4pct,std_trans_6pct,std_norm_6pct,std_trans_8pct,std_norm_8pct,std_trans_10pct,std_norm_10pct,std_trans_12pct,std_norm_12pct,std_trans_14pct,std_norm_14pct,std_trans_16pct,std_norm_16pct,std_trans_18pct,std_norm_18pct,std_trans_20pct,std_norm_20pct,creme_soda_flat_trans,creme_soda_flat_norm,sprite_flat_trans,sprite_flat_norm,tonic_flat_trans,tonic_flat_norm
953.279,2944.50064,19303.80469,16359.30405,1.0173564968981672,0.007845660177265767,0.9728613669234908,0.007889458272395148,1.0075437371677187,0.007859442090003086,1.0036791497863262,0.00789340170865968,1.0668275200863448,0.008007280184357398,1.0128285836218074,0.007923126915049719,1.0498727945581525,0.007959667191294966,1.0311223269916545,0.00795254719363424,1.0507031006615466,0.007962697130143203,1.0686646990951914,0.008000143516329007,0.9423108662131625,0.007706346450525803,1.0403275052522785,0.007715343324724289,0.9569169704379935,0.007606357562638454
959.192,2935.32081,17137.01755,14201.69674,1.0187402185015253,0.007843141023148472,0.976151698899043,0.0078895790935227,1.0127100517145673,0.007864504857248473,1.0102480740621702,0.007899042565829238,1.0819512929551542,0.008014161865058432,1.0244593978000969,0.007943370856999721,1.0627640088588457,0.007976283369703449,1.0463191928431503,0.007975676216502277,1.0668277500481256,0.007985559667980388,1.0867360881274528,0.00802300673014466,0.9502353934928481,0.007735934623731332,1.0505986617765224,0.007756667959982892,0.9642594776319664,0.0076527903912048355
965.105,2935.06002,15619.10929,12684.04927,1.0188427500486996,0.007838412614724644,0.9773201708794687,0.007886608784645867,1.015240960980594,0.00786655564501973,1.013690266121144,0.007900768974875287,1.090317536270497,0.008008727830160269,1.033095144229127,0.007958046699040955,1.071727215074118,0.007984220643432578,1.0569076187450037,0.007990610732487314,1.0786647038938852,0.007998768197491669,1.1002241061146558,0.008034599760288566,0.958658648445947,0.0077701545606138536,1.062657925169034,0.007802289263851695,0.9747991336839075,0.007711098804024542
971.017,2948.86455,15158.79184,12209.92729,1.0172845697593011,0.00783237793091765,0.975585587619007,0.007880535588975706,1.0142967174049404,0.00786639537340636,1.0122886980762684,0.007898963050251426,1.084035276020059,0.007993977501170094,1.0341155905441923,0.007966770764516667,1.0706622709134903,0.007984685525879432,1.057319906448026,0.007997788040933401,1.078021500650558,0.008003164865907847,1.0981575673248747,0.008035665430820396,0.9636354697735469,0.007805993668139679,1.071992938952219,0.007848915007859957,0.9863673471555947,0.007775829636924889
976.929,2928.48811,15783.90602,12855.41791,1.0150689655798206,0.007825607971734996,0.9729658178028069,0.007873609045685936,1.0120995350823254,0.007863827097223918,1.0087179616240107,0.007894130757353847,1.0732935246910225,0.007971892770161706,1.0310792268907265,0.007969535630064032,1.0653303374405818,0.007978090783111926,1.05230997426205,0.007997166801664487,1.0720256079174013,0.007999343425235478,1.0902694099969559,0.008026960380341031,0.9678116570852109,0.00784254171349775,1.079676874541996,0.007893023132308864,0.9981410709346593,0.007842401806096544
982.842,2940.17151,17469.54672,14529.375209999998,1.0130628404357933,0.00781713194404552,0.9702935099574734,0.007862369600265125,1.0093891656061103,0.007854408580272863,1.0052213002213468,0.007879897697530096,1.0617217187276424,0.00792861568083602,1.0260593841460854,0.00795397701458202,1.0572566072509046,0.007952011059599182,1.0448032878627822,0.007973312993055398,1.063021897828737,0.007970917898595884,1.0796195922591225,0.007991451710102017,0.9718035776433089,0.007868542005908183,1.0837681677572977,0.007921973449953825,1.008684479420227,0.007899000933820554
988.754,2916.005,20165.2742,17249.2692,1.011876670114233,0.007808456446522006,0.9676110382693778,0.00784897318165119,1.0073995146414667,0.007840427655431154,1.0020659704238368,0.007859885782276945,1.0529681593699054,0.007872431142817146,1.0206936430674987,0.007924268322332943,1.0503052610483927,0.007911327250725221,1.0376971953107441,0.007932123372404017,1.0548036075638496,0.007923618576772646,1.0696717099180064,0.007934908983867558,0.9731990721090956,0.007881656354798445,1.0847245969121984,0.007932667591894352,1.014386447166121,0.007939329209760038
994.666,2939.87595,23909.62372,20969.747769999998,1.0112089993917939,0.007801593171772488,0.9668733120865765,0.007837356700498767,1.005232639953685,0.007825876072000542,0.9993626046366126,0.007839804785304529,1.0460767793011942,0.007819301921724404,1.0153212095597848,0.007889363814095642,1.0437378989990589,0.007867421862795494,1.0305532325437217,0.007885167546877564,1.0471390739098052,0.007871359871526188,1.0604388170950327,0.007874532949244055,0.9738100755419815,0.007884782828001504,1.0823273164243692,0.007926662317512356,1.0160212265633752,0.007960776578060394
1000.578,2933.53005,28444.409,25510.87895,1.0110435163975406,0.00779698375315256,0.9664351039539545,0.007828282058936993,1.0042346749483517,0.00781272395090162,0.9975341002509833,0.007821995443788686,1.04128828183711,0.007774214278397924,1.0104327452033948,0.007854135073626619,1.0385028078383791,0.007825614928145994,1.0244675960096625,0.007839010939658697,1.040316979356762,0.00782064517170029,1.0531819884630045,0.00781738966587377,0.9726439421641332,0.007878993961876787,1.078165190384395,0.007906598679533073,1.014509445194949,0.007963108745669169
1006.49,2939.38914,33674.63411,30735.24497,1.0109649182991365,0.00779450742030234,0.965738854496594,0.00782181574072608,1.0026600412679256,0.007800916599961012,0.995814210684653,0.007806261032088932,1.0375267287157073,0.007738270010101687,1.0063116874516327,0.007820434072721465,1.0338802622532017,0.00778886701759309,1.0191753220309538,0.007796194886997973,1.0345514851447108,0.007774552988705689,1.0467937675916952,0.007766659022385135,0.969961349229487,0.007863259050560203,1.0728409004771307,0.007875944733351665,1.010603476247484,0.007947023098257306
1012.401,2943.54441,39310.23918,36366.694769999995,1.0110523365552475,0.00779338258620793,0.9655430421179296,0.007818003382503335,1.0012022830305731,0.007790276022747537,0.994350933971336,0.007792660558256991,1.0341152342231403,0.007708696454903274,1.0026479183937123,0.0077897217868774455,1.0298183776903078,0.00775634326382255,1.014305401502398,0.007757591807987255,1.0292829647218447,0.0077332552504678406,1.0411049244220332,0.00772198516537057,0.9663300443511821,0.007840646622003743,1.066274709187711,0.007837238007132541,1.00540879893661,0.007917721233532503
1018.313,2925.86283,44947.47614,42021.61331,1.0108833584428605,0.007793021011962543,0.9651207139719405,0.007815731592203619,1.0002644253545916,0.007780995964566048,0.9928094005394102,0.007781028670498177,1.030929322975106,0.0076843120916448154,0.9993192476978701,0.007762191947702446,1.0264385736883552,0.007728229383265916,1.0100276038164322,0.007723304403040447,1.0247270725265736,0.00769660130594188,1.0362715719350377,0.007683647993195893,0.9628224790306129,0.007813731124040628,1.060572253407374,0.0077964941323217535,1.000211621337201,0.00788082295171103
1024.224,2917.67405,50329.47451,47411.80046,1.0108141931971677,0.007792917646003523,0.9647033235657889,0.007813177423317942,0.9987641650510736,0.007772072372110096,0.9911662129272363,0.007770407026142705,1.0279486021864523,0.007663715752606102,0.9956767172304934,0.007737865650756383,1.0230711050706214,0.0077040481441989425,1.0055810765976552,0.007692961990489809,1.020034504506982,0.007664585171134015,1.0316814110712218,0.0076504761721197054,0.9582423253116004,0.007783386962198114,1.05457944192993,0.007756741008742863,0.9944032829923034,0.007839847077275981
1030.136,2937.37236,55117.77404,52180.401679999995,1.0108552585216513,0.007793344182859032,0.9643152225730434,0.007811055227868271,0.9978244508216673,0.007764309730747693,0.9899170670776638,0.007760971029156907,1.0251809439501427,0.007646276830990748,0.9930054104941878,0.007716269729625972,1.0200493678913358,0.007683655354986593,1.0023343342726068,0.007666184532105242,1.0162877030961177,0.007636617630859684,1.0274569201054875,0.0076219895814477,0.9537103795250049,0.007751488020052074,1.0478680038785013,0.007717420447998256,0.9883715983307088,0.007797127361970016
1036.047,2928.83583,58720.56755,55791.731719999996,1.0108806699717907,0.007793364380328398,0.9649093302960127,0.007809543106616759,0.9968818571383825,0.007757433746205428,0.9889721813424291,0.007752381011377574,1.0231653116000465,0.007631371642004158,0.9905020673554387,0.007697475281872763,1.0175843814084071,0.007666136237923911,0.999143801804903,0.007643164997357738,1.0129541551717227,0.0076124674170699996,1.0242119100511047,0.007597673838798548,0.9506127500428124,0.007720045767322871,1.0435309479581791,0.0076802692009590315,0.9832621092550666,0.007754553220478142
1041.958,2938.88494,61099.33343,58160.448489999995,1.0109496543877152,0.007793641821235819,0.9642270035046632,0.007809397160614935,0.9962046625201325,0.007751485783912453,0.9880460976823531,0.00774550436985791,1.021936029262556,0.007619274818577275,0.9885017117755724,0.007681925806115287,1.016007711153742,0.00765160123730828,0.9966720277263116,0.007624041621054768,1.0104574654389842,0.00759229278317835,1.0218361063742205,0.007576972605511321,0.9464915967672587,0.007690038586701772,1.0403122164782332,0.007644537579629706,0.9781301502477462,0.0077136734727559384
1047.869,2925.88021,61985.08665,59059.206439999994,1.0113522373633845,0.007794114069518487,0.9639041987100564,0.007810030206706783,0.9956747260012795,0.007746909077989578,0.9873853120468715,0.0077406865696565885,1.0211411751911783,0.00761060798521291,0.9868421862256231,0.007670077315622964,1.0149094492303172,0.0076401245674986495,0.9946454771565333,0.0076093816225190685,1.0084678506560711,0.007576650333554519,1.019875217950863,0.007560824597475124,0.9424690046681907,0.0076609202448257585,1.035399813441855,0.007610789804105751,0.9726759604933154,0.007674022780798821
1053.78,2918.57811,61401.36299,58482.78488,1.0110706769749163,0.007795257539541971,0.9642358005985572,0.0078112823603305745,0.9950148376039509,0.0077435923864292875,0.9866777236822994,0.0077375489786904485,1.0201103675622363,0.007607141407910112,0.9857040463836407,0.007661690208371751,1.013520857490328,0.007633406547498994,0.9932180522727528,0.007599099942728637,1.0067595199307136,0.007566318028429541,1.0181276389654719,0.007550861537554824,0.9392313010180305,0.007635072476708621,1.0308992453712302,0.007582195850159652,0.9676105268603961,0.007636545373745644
1059.691,2942.65772,59336.55247,56393.89475,1.0111352901370587,0.007796814913198205,0.9649945424278396,0.007813039060520343,0.9949120729952776,0.007742100033855398,0.9866666988805557,0.00773622385887625,1.0195631873785413,0.007607401114713523,0.985300834892238,0.007657570233382878,1.0129170893982278,0.007631010225468118,0.9925093820550495,0.00759396378331802,1.0059114108269673,0.007561266318095533,1.0167098355979394,0.007546510216480497,0.9369605634482269,0.007611350133729171,1.0265485589643548,0.007556372880267003,0.9639176698289667,0.007601926266317599
1065.601,2928.17516,56152.03665,53223.86149,1.0112430207663987,0.007798449460018305,0.9652505972279465,0.007816257622817055,0.994645755831648,0.007742209196219035,0.9868626136769243,0.007737012611914488,1.0198052739972288,0.007611225021523908,0.9849948760266097,0.007657546248978618,1.0123946961293657,0.007632506470261178,0.9921515910663775,0.0075940275134937976,1.0054457371540855,0.0075613903796701975,1.016422268237043,0.0075473076619976265,0.933146462124539,0.007590523694919114,1.0224447679397415,0.00753252521737566,0.9592005145961083,0.0075686012413465585
1071.512,2910.87616,52125.41303,49214.53687,1.0118935925689225,0.0078001773804719805,0.965397719895276,0.007820611877893159,0.9948398821537056,0.007743772726364984,0.9871143493298508,0.007739593843409792,1.0219237592918955,0.007618284431620144,0.9854441310320106,0.0076620555716698634,1.0137997911428887,0.007637795000838573,0.992915665529456,0.007599409472153217,1.0066513865784144,0.007567197551809143,1.018042275646025,0.007554019725632362,0.9314332850695379,0.007573304821092702,1.0206408052296276,0.0075146527957769445,0.9550983207291532,0.0075393418420747075
1077.422,2935.99886,47863.30064,44927.30178,1.0122948514180723,0.0078024940855175055,0.9664280123612622,0.007824998903082752,0.9955389439815141,0.007746974335665775,0.9877884907781346,0.0077443762400937035,1.0234093312603114,0.00762928624749846,0.9867877614171736,0.007671130223690653,1.0153551533848646,0.007648142834392702,0.9944387550531417,0.00761017560709967,1.008242730262623,0.007579051707468403,1.0201001069332414,0.007567147648748452,0.9301674693182521,0.00756061429108444,1.018942283784753,0.007504164871994032,0.9525264937911435,0.0075157881098210635
1083.332,2927.06246,43575.47188,40648.409419999996,1.0124339133366267,0.007804860332439123,0.967009477636776,0.007828865638969552,0.9963028937135717,0.00775150707126563,0.988750667577782,0.007750581117155268,1.0255289595535668,0.007643660341561632,0.9884800889707237,0.007684525522344448,1.017399623751379,0.007663071390041766,0.9967304085966373,0.0076263918475786,1.010573170171538,0.007596677218724846,1.0225896565967034,0.0075868400494679975,0.9285421729547222,0.007552322693030198,1.0176044420977495,0.007502823841706243,0.9485434500428234,0.007498202140487491
1089.242,2925.86283,39417.31237,36491.44954,1.0129212847377618,0.0078070414364225,0.967668488786483,0.007832397281465816,0.9970816892356312,0.00775770852123403,0.9896910502393818,0.0077580467384607416,1.0277741737523753,0.007659484750809091,0.9909075031498462,0.007702277473192356,1.0198292139424834,0.007682320318753309,0.9995756915607578,0.00764767409340154,1.0138838491314148,0.00761949012857681,1.0262178168327154,0.007611556043388183,0.9276287880232011,0.007551943056682153,1.0183816712806855,0.0075131103434035295,0.9466988134338717,0.007490492222533104
1095.152,2932.41734,35732.9847,32800.56736,1.0131743733349863,0.007808149836678125,0.9680284207132689,0.00783576050028455,0.9978958479820638,0.007764579500271764,0.9909496980115651,0.007766537773133589,1.0304476376593992,0.007675073554241531,0.9938851722350206,0.007723826721799968,1.02314714320844,0.00770396893571549,1.0030805125683047,0.007672974412635476,1.0178151744628847,0.0076465516657218575,1.0305329370985612,0.007639679822727871,0.9282938717435649,0.007558657837506086,1.0209126312502905,0.007533530927743694,0.946698998196841,0.007495517675051792
1101.062,2934.43412,32766.08179,29831.64767,1.0132839732616754,0.007808357083597802,0.9683373680713628,0.007838098487297076,0.9989909149392954,0.007772175814150227,0.9922093331025187,0.007775994369208887,1.0330690389921733,0.007691373629669323,0.9973771794013683,0.007748067533008045,1.0268046863802345,0.007727448814989929,1.0073644835991051,0.007701448608930908,1.0223496599106892,0.007676696282562028,1.0353182704373232,0.007670801517355464,0.9298143869503539,0.007573805893203283,1.0252716282499592,0.0075653491316272645,0.9483044541468334,0.007513683076373476
1106.972,2931.89576,30692.92665,27761.03089,1.013223583859497,0.007807959101914514,0.9683037318215383,0.00784011048854189,1.0002262124207448,0.007781075866311244,0.9935314336592346,0.007786821952910069,1.0346738369988535,0.007709561847735511,1.0009988995044845,0.007775803792775366,1.0303014093148468,0.007753901658223723,1.0116474738017194,0.007733617571829528,1.0267219593875823,0.007711258778621645,1.039777773180526,0.007706000434863049,0.9328192696665379,0.007599509687458996,1.0322395876992592,0.007608956934105891,0.9523554775310434,0.0075479208164974795
1112.882,2934.5906,29529.60433,26595.01373,1.012900081326636,0.007807157320660409,0.9683052508053734,0.00784300357397197,1.0010228233110223,0.007793353526971607,0.9946991409205037,0.007801173573641117,1.036570947842861,0.007734488996658505,1.0048715552966176,0.007808947910295367,1.033938863847317,0.007785965673286023,1.016092357550364,0.007772266551234211,1.0318900467061352,0.007753325697660463,1.0446179848616306,0.007749241094704234,0.937220469710959,0.007637969726874246,1.0400853111347501,0.007664246216010038,0.9595600295258807,0.0075984816796949165
1118.791,2924.159,29241.84834,26317.68934,1.0124830430877028,0.007806955475347549,0.9684492217659105,0.00784910469673403,1.0023745872668623,0.007812657933283167,0.9962357899768414,0.007822958411678797,1.038724828644094,0.007773784378761307,1.008641726371256,0.007852872698222078,1.0371977956481189,0.007828683982051405,1.0205229191294953,0.007823544370960975,1.0363567924842751,0.0078106338483986985,1.049508711542531,0.007808948840218039,0.9432229356956152,0.007693222971253777,1.0492396172497718,0.007732755166630459,0.9686541421117025,0.007667622135568198
1124.701,2916.97861,29466.39457,26549.41596,1.0120725239486585,0.007807888093958547,0.9687488696079023,0.007859847455896301,1.0043117230967515,0.007841727038174567,0.9984226297081981,0.007855932228190022,1.0426185495645082,0.007837638393721412,1.0134853267785404,0.007912497952006256,1.0420079270926454,0.007888925013265408,1.0261992124816595,0.007894463278287267,1.042807521329746,0.00789205097575501,1.055851053832372,0.007894881566037128,0.9506951824487518,0.007770015858831935,1.0591278460650553,0.007818464110657022,0.9789404791110141,0.007757853747918391
1130.61,2924.12423,29416.51267,26492.38844,1.0121932229980546,0.007811006378420682,0.9701695854343286,0.007875812695413882,1.008129904198249,0.007878900760164287,1.002510931022722,0.007899563943633179,1.0511956410827863,0.007930311517379126,1.0207881196233888,0.007986513843071643,1.0496574256783018,0.007966674905413506,1.034980600261801,0.007985083271428186,1.053117122043829,0.007996421793095197,1.0670782996416008,0.008008006754938454,0.9607758638918704,0.00786554272507888,1.0710281945420546,0.007915621029759875,0.991587875117235,0.007866493060286904
1136.519,2916.90907,27886.36847,24969.4594,1.0129910866232048,0.007816153679818152,0.9733028925728364,0.007894076612834554,1.015267172744637,0.007916552201918996,1.0104094532379022,0.00794648380730813,1.067369449736665,0.008037717419474712,1.0334849516205384,0.008061096410929475,1.0628867315405315,0.008048373049864445,1.0500542374577801,0.008080139877937646,1.0712630230192328,0.008104322377354117,1.0869540767871009,0.008128433499475788,0.9759142983287816,0.007963074510235878,1.0861469395689038,0.008008415558249821,1.0080834365200553,0.007975316073706773
1142.428,2931.2351,24957.61666,22026.38156,1.0141308425604154,0.007822391597685741,0.977624573575216,0.00791116594489808,1.025149132575001,0.007948958543333794,1.0216638737824535,0.007988274852176697,1.0930660619138026,0.008139814671819776,1.0511314946094124,0.008124713200031011,1.0828451488969848,0.008120840911309784,1.0723306865297033,0.008163965085425244,1.0982824938405362,0.008198794450532038,1.116520839476459,0.008236091921447685,0.995998917944832,0.00804897927468915,1.1068837917652055,0.008083101938506695,1.028414091451887,0.008070095785100264
1148.337,2922.12485,22719.48633,19797.36148,1.0160551586796607,0.007828670936432202,0.9821058154462713,0.007925983732774611,1.0336774767018095,0.007974469410650352,1.0325063620548691,0.008022043583318688,1.1217491998837816,0.008226338110188958,1.0677268928667356,0.008173333832775308,1.1026298510562933,0.008178003706237906,1.0946611169318305,0.008229879861869,1.1240623126713751,0.008272457024124968,1.1466759993716091,0.008321909367055805,1.0151498218741422,0.008116386142779224,1.1247525273756833,0.008135310574453375,1.0488078813419737,0.00814282911175879
1154.246,2922.15962,22483.4459,19561.28628,1.0175741157856006,0.007834771486496899,0.9840945607795687,0.007937181631142492,1.0349039700266582,0.007991544970897787,1.0366112754421588,0.008045304501187274,1.1374891810028764,0.00828949281874251,1.0721104282105522,0.008203962723173485,1.1099402487759102,0.008215353506533421,1.1031702190291752,0.00827279908929727,1.1325224002600713,0.008319810304543596,1.1584158534179994,0.008379417775829614,1.0212789764457146,0.008163010292417214,1.1284443770228387,0.008163498381797137,1.0561755272261166,0.008190648245290286
1160.154,2925.88021,23643.70064,20717.82043,1.0181474176431984,0.007839090012024149,0.9832230928357362,0.007942410730939738,1.0315358612266918,0.007996595068546527,1.03356650147392,0.008053674505515052,1.1346550719186825,0.008321156656034959,1.065994554524672,0.008211248477208832,1.1046125193199197,0.008227416160256424,1.0973121090035436,0.008286623992311557,1.124465185356373,0.008333565633188201,1.1512410883464734,0.008400077803995655,1.0172606066940413,0.00818240656409096,1.1203560817811375,0.008165808836985037,1.0528016831546598,0.008208234657041246
1166.063,2919.8299,25119.55067,22199.72077,1.0177745109539051,0.007841528136570321,0.9815589716536782,0.007940404168095761,1.0272680136958316,0.007987454271777697,1.0285872442529826,0.008044363880085274,1.1239156883323267,0.008312445275683273,1.0573185795075206,0.00819115884832812,1.0951847967770632,0.00820866067337471,1.0865813151396677,0.008265097288722136,1.1115081516405938,0.008305952859286012,1.1369446882461847,0.008374876352635003,1.0087903015547706,0.008170335958378194,1.108840974399337,0.008137866287130665,1.0435147482262679,0.008194163176758138
1171.971,2940.95388,26682.22011,23741.266229999997,1.017732859988235,0.007841208123485592,0.979850262603285,0.00793172780977563,1.0234955724179164,0.007965870642535872,1.0232892249572318,0.008018558055597395,1.1105355979995681,0.008261676183850096,1.0484011681966638,0.008146154572734971,1.084402848213206,0.00816073113409846,1.074297326137183,0.008209780645811675,1.0972806647137288,0.008240077800557497,1.1214211648221764,0.008305520870837241,1.0009592399065566,0.008129305239725555,1.0978686598890812,0.008084577986934594,1.0340427680718527,0.008149723971765666
1177.88,2915.51819,28052.74185,25137.22366,1.0169125467374707,0.007838733647075472,0.9778234932568524,0.007919269451307427,1.0198115697555121,0.00794083416479249,1.017886131980257,0.007984595200570186,1.0971206873527894,0.008185313156342185,1.040053321465335,0.00809031223673852,1.0741082641105004,0.008097724816764554,1.0627187226928625,0.008136848821999384,1.0840917866901774,0.008156470252151158,1.1064768761340609,0.00821385133761073,0.9926311217775909,0.008074515938844864,1.088346957883574,0.008020088127349768,1.0236970449902105,0.00808895290850891
1183.788,2925.51511,28986.12045,26060.60534,1.016344794544976,0.007835575648519126,0.9758898831472808,0.007907193041670733,1.016923665979587,0.007918368833333172,1.0133469658690593,0.007951537636344293,1.0848808775214736,0.00810540897341205,1.0330199701339708,0.008037495309896862,1.0653974701571534,0.008035704889798788,1.052610865024519,0.008064695087624255,1.0725297285055313,0.008075525536529148,1.0927065990401896,0.008123051870442913,0.9855957751133344,0.008018352004016729,1.0802768609057951,0.007957729921348475,1.015921117510005,0.008023704032090788
1189.696,2922.12485,29445.59197,26523.46712,1.015764569093032,0.007832826931924296,0.9746050308222298,0.007896304735758768,1.0142551631085552,0.007900018234330942,1.0094547778714384,0.007923042906677962,1.0740467277944619,0.008033227510161141,1.0271539164446915,0.00799219306545295,1.058042407994208,0.007981047155063755,1.0439875746530982,0.00800093245106733,1.0626246268063313,0.008005100421264677,1.0811381819074941,0.008043165759779425,0.9797871866609873,0.007968287263409977,1.074011341395099,0.007902814292775399,1.0093537643053054,0.007962968383133377
1195.604,2916.26579,29716.60472,26800.338929999998,1.0153271542972984,0.00783084115207572,0.9733242052696682,0.007888243003874591,1.0123745651450984,0.007886029791608563,1.0062732557390086,0.00790064458966754,1.0657387309392508,0.007976170460608329,1.0217665497262427,0.007956523353905847,1.0513273217772698,0.00793791201222106,1.0363600573315586,0.007950374356331526,1.0545466930033336,0.007949824434870032,1.0717922588600637,0.00797978798857247,0.9740584030740839,0.007925826775185938,1.067037052206414,0.007856895786377781,1.0022216222770732,0.007909139504191557
1201.512,2923.55049,30010.10696,27086.55647,1.0152797802281879,0.00783099795304169,0.9727829352979397,0.007884054083004507,1.0113201362579847,0.007877222486097235,1.0040371514231097,0.007886374701191667,1.0595773638405206,0.007939048122962394,1.0183781914305476,0.007932625665056658,1.046917202317966,0.0079093963551893,1.031214726424765,0.007916104783554784,1.0489729412990976,0.007912650538303522,1.0654396671634205,0.00793671353431222,0.9688552946575419,0.007893486865031009,1.0609785201684592,0.007819542576732128,0.9948722758408278,0.007864556987781544
1207.42,2907.24251,30374.58061,27467.3381,1.015278524204717,0.007833392362603536,0.9721459397625429,0.007883930119317458,1.0107549850271074,0.00787373403908533,1.0031337401420781,0.007880153933980966,1.0560942223229122,0.007922563629656817,1.016476973427578,0.007919990863129497,1.0443383110356805,0.00789485218206258,1.028170708686183,0.007898104093866981,1.045826903044529,0.007893405291173362,1.0614558991429897,0.007915152766620725,0.9656416261901986,0.007870649654354099,1.056550244306346,0.007789888355478928,0.989592284881803,0.007827527349279197
1213.327,2924.29809,30860.79414,27936.49605,1.015929662016436,0.00783776694060108,0.9728808276942089,0.007886430587811112,1.0109078876411202,0.007874364992758261,1.0032814670041628,0.007880661664973792,1.0569249814706092,0.007923577117255049,1.0162436376841182,0.007916123253290486,1.0442754913782395,0.007891791035143616,1.0279829148437531,0.007893362362310447,1.045728093019024,0.007888862354053295,1.0615320155728691,0.00791078826361391,0.9643643469740008,0.007855264000525122,1.0541450007650475,0.0077666561904261395,0.9862522891449015,0.007796571728300554
1219.235,2934.34719,31318.03158,28383.68439,1.0170549306900605,0.007843096754655745,0.9742021359898585,0.007890942280872473,1.01188619966895,0.00787690353346344,1.0051392602170912,0.007885583462410951,1.0622406607164223,0.00793668500305348,1.018508693684076,0.00791860970907803,1.047580985662165,0.007897184389968118,1.0313256273492548,0.007898381982062015,1.0494219401091642,0.007894625525458108,1.0657734501394658,0.007918871715249989,0.964758725602501,0.007845879288493987,1.0527791850210888,0.007749864787871611,0.984115692881688,0.0077722857209797155
1225.142,2910.11118,31381.13773,28471.02655,1.0185190509051034,0.007849033739953076,0.9757827154988903,0.007895996456439992,1.0137845409019859,0.007880603831867389,1.007790137444131,0.007893271109240416,1.0693921017048822,0.007957781246706245,1.0216292408325545,0.00792496388348666,1.0518674529492862,0.00790795704543424,1.0361210951840443,0.007909709170455042,1.0545808496673261,0.00790707477974188,1.0723326412689533,0.007934635612429105,0.9659133523585577,0.007842505987023688,1.0520400744032885,0.00773921480553772,0.9830453788116046,0.007756220818891622
1231.049,2915.95284,30322.63494,27406.682099999998,1.0197369279515962,0.007854856690138834,0.9767667068316891,0.007901658590721186,1.014822935097277,0.007884215969780964,1.0099083190372762,0.007901702239121332,1.0749989974160354,0.007982463701089995,1.0236671267843838,0.007933118164804479,1.0551947128981367,0.007921657664514175,1.0396438487532207,0.00792437425447475,1.0583877039242195,0.007923019754675915,1.0770139224550646,0.007954041513390808,0.9665269445366392,0.007842235197349999,1.051889644824975,0.00773199047053936,0.9818706737945488,0.007744714797310912
1236.957,2915.72682,27176.4504,24260.72358,1.020166920347064,0.007860284295626588,0.9772246018063736,0.007906977852226703,1.0146589044975218,0.007888192490714449,1.01066975266201,0.007910248258157438,1.078054857422352,0.008007359690210394,1.024008179231726,0.007941620451883326,1.0563446014086277,0.007936054435978383,1.0409583463874574,0.007939603799399472,1.0599216546533028,0.007939447732067222,1.0794307578521118,0.007974633164455437,0.9659701180272876,0.007842878721981205,1.0510482577288405,0.007726051578229257,0.9806599634816002,0.007735031693229731
1242.864,2939.47607,23386.17731,20446.70124,1.0206708913598819,0.007864643822963799,0.9771523125165006,0.007911499120720762,1.014649898606334,0.0078915646962739,1.010904300277241,0.00791750005305175,1.0793993251500162,0.008028375265517064,1.0241067086673,0.0079481056809707,1.0569386873870126,0.007947585012525484,1.041591147149759,0.00795195195475717,1.0605836083512903,0.007952931338962464,1.080335842477444,0.00799184812170401,0.96594798927086,0.007842156011184119,1.0508375936929375,0.00771982269721852,0.9806094975738981,0.007726036745015816
1248.77,2901.78335,21658.38857,18756.605219999998,1.020566085145764,0.007867641652526505,0.9770409023941702,0.007915230105543508,1.0140054149948143,0.007893598110435166,1.010665020543627,0.007922973171465744,1.0792857754672092,0.008044820309474765,1.0238283519196445,0.007952824075385221,1.057083594682599,0.007956720668105521,1.0416048528423418,0.007961264147692946,1.0606978174699782,0.007963211892247496,1.0797936045699852,0.008004953213686668,0.9654082440617685,0.007840748067546805,1.0496712235008592,0.007714091296201575,0.9793769823769847,0.007717313684426474
1254.677,2926.69735,22279.00082,19352.303470000003,1.0208582280980527,0.007869798857668418,0.9774793739321203,0.007918868485361556,1.0144862124777336,0.007895745513488322,1.0109153745096784,0.00792814816524744,1.0803171711527528,0.008060074461330686,1.0239087559120423,0.007957246898216627,1.0576683851475381,0.007964918112112016,1.041934140876719,0.007969711950359379,1.0610494746442707,0.007972775686742184,1.0809902016279203,0.008016971808707269,0.9649189735448065,0.007839812928839195,1.0484899800922767,0.007709420490722798,0.977655413441075,0.007711016531579762
1260.584,2923.70697,23802.53857,20878.8316,1.021013622716321,0.007871965246486503,0.9781108105685377,0.00792273570867221,1.014920723341626,0.007899119891635307,1.0116170753539677,0.007934548193802737,1.081986826312637,0.008078156038428378,1.0243553614369878,0.007964559601983548,1.0583075424584583,0.007976011637893143,1.0426373183641175,0.007981468369666785,1.0619972853270199,0.007986139615109843,1.0820408120921863,0.008032592055922012,0.9641358518356936,0.007843410029654205,1.0468480367455044,0.00770897104163601,0.9761297773003734,0.0077087709373062875
1266.49,2913.25803,24747.98937,21834.73134,1.021241246012052,0.007874515036273991,0.9790081832076254,0.007928552992577576,1.0156143354681644,0.007905016034318237,1.0126791131839041,0.00794433965094292,1.0848438110436582,0.008103806742996563,1.0258830434503527,0.007976460331161705,1.060366085090562,0.007992498768253567,1.0446516526729108,0.007999326650397024,1.0641689003717323,0.008006248092796112,1.0847163650056617,0.008056253468190895,0.9646999054855329,0.007851378208082196,1.0465826271989296,0.0077138175513460335,0.9753008511255629,0.007710540473566327
1272.397,2920.43841,24722.31192,21801.87351,1.0216957895743703,0.007877816222935364,0.9799121167362465,0.007935777954473956,1.0167553040720305,0.007914015883381023,1.0145309888095024,0.007957707193359417,1.089331748443852,0.008138682529918785,1.0276544609674694,0.007993961708962475,1.0628205543606972,0.008015161378845378,1.0473825701046369,0.008024532622140656,1.0673072770249274,0.0080346682734557,1.0883709553271324,0.008089657529217474,0.9657209881684155,0.00786457058374231,1.047442098016282,0.007723892570358561,0.9762799210919741,0.007717902409451521
1278.303,2915.55296,23873.76425,20958.21129,1.0221341212559174,0.007881726542402705,0.9805678488319124,0.007943995916992626,1.01769538320176,0.007925168977873414,1.016386709974809,0.007974816765287673,1.0950442479292324,0.008182892709641782,1.0306008452308146,0.008017535104512155,1.0666645827101975,0.008045162635366922,1.0517279697679773,0.00805841662094413,1.0723853829417138,0.008072887119625609,1.0941911903971457,0.00813317695578925,0.9690703065719499,0.007884578716317722,1.0506202917472351,0.007741442512837458,0.9786662748164325,0.007732792877111332
1284.209,2918.49118,22551.95143,19633.46025,1.0229862415617745,0.007886058217879358,0.9821814033010304,0.007952487550526579,1.0199556204057305,0.007938553763252908,1.0196507210184715,0.007994655965839679,1.1035006429903256,0.008234483832785352,1.0348356449291713,0.008046227135608038,1.0722761806594943,0.008080838948467341,1.0579504613813553,0.00809914814904764,1.079337570156539,0.008118856453212945,1.102694815092515,0.008185400335699687,0.9728154241176106,0.007912321763693737,1.0554524462900012,0.0077672224497526135,0.9821805313202495,0.0077567480652151
1290.115,2922.73335,20910.98967,17988.25632,1.0235637452824555,0.007890932416446178,0.9832869426223521,0.007960542714451251,1.022104047936982,0.007953341414710869,1.0226058531058335,0.008016389745265142,1.112054950415561,0.008292264714588077,1.0396064747647538,0.008078231884883061,1.0781659558873797,0.00812101412815517,1.0646951165970489,0.008145263806138557,1.0872036022888962,0.008171685993066388,1.1113589429884219,0.008245289017482098,0.9767781928070726,0.007946499211237917,1.0592646691839003,0.007801373521383251,0.9859130732021947,0.007789256342553467
1296.021,2907.15558,19094.13927,16186.98369,1.024409014524682,0.007895436588442986,0.9845838715366001,0.007967352877002485,1.0245224717342012,0.007968370693610196,1.0261988519987197,0.008038071424817439,1.1218569109462049,0.008352238991322486,1.045161021596112,0.008112516257886076,1.0855776731804443,0.008162945385370948,1.0729740260830523,0.008194981907377741,1.09669388256485,0.008227944967707543,1.122114106485518,0.008309372545760396,0.9821631339396253,0.007986604137017256,1.065201057232918,0.007843768875043762,0.9908755026366498,0.007829741537644952
1301.927,2923.93298,17247.93588,14324.002900000001,1.0249470237122054,0.007899307893204236,0.9854518990637735,0.00797202181772152,1.0269651990924966,0.007983476862011289,1.0293388498266778,0.008058927130283092,1.130461676323732,0.008410368291620523,1.0502222615439432,0.008145883399615384,1.0914961689933753,0.008204346374728803,1.0799499733415998,0.008244052928916067,1.1048701044314924,0.008284090528143046,1.1313895622012196,0.008373170101681874,0.98804640705567,0.008029288690473264,1.0713957248640322,0.007892140830357941,0.9973977274187789,0.00787674676573372
1307.833,2919.25617,15386.65086,12467.39469,1.0256672879905433,0.00790067303155518,0.9859719400605581,0.007971849105517351,1.028921198772123,0.007994706225811686,1.0320932592533492,0.008073989574050745,1.139134537979402,0.00845652910154235,1.0547364783876911,0.008172354860238734,1.0977398751141967,0.008237336260766672,1.0868965102122712,0.008284921664552792,1.1134398192378074,0.008331775457827576,1.1413084813471963,0.008426157239052125,0.9941559971580559,0.008072090962402996,1.079101320245441,0.007942955723975631,1.0041624245714804,0.007928933498688454
1313.738,2918.78675,13641.03508,10722.248329999999,1.0257858269544484,0.007898931052429801,0.9857995594474354,0.007964756967701147,1.0302795990176439,0.00799932841413331,1.0338985955942694,0.008079171664379447,1.145683382059852,0.008479525394206358,1.0585630588542805,0.008185275514546338,1.1018279717459223,0.008254808644754192,1.0929274942469087,0.008308816555138133,1.1197766224464978,0.008360954987110815,1.1489270133328466,0.008457794139149275,1.0002857217913363,0.008109266859899895,1.0878110067051583,0.00799255995716302,1.0122235799774657,0.007981617076617292
1319.644,2930.81783,12028.86888,9098.05105,1.025649480170811,0.007893044606075088,0.9846041872891008,0.00794923248013278,1.0312888681801802,0.007994465430748506,1.0350164983961043,0.008070583184170336,1.149662347739849,0.008471546133254336,1.0606825260669428,0.00817905701607398,1.105178707477136,0.008250128870564845,1.0966801279929068,0.008307906147491476,1.124748953788295,0.008363873684622734,1.1544770173607677,0.008458628788322098,1.0058583118194309,0.008134470430199962,1.0966801279929068,0.008036955501718077,1.020398564371652,0.00802943475572521
1325.549,2911.48466,10588.48474,7677.00008,1.0242258627148535,0.007883499097607122,0.9820320921502451,0.007926007820549122,1.0300605116054655,0.00798068989641486,1.0331055591183476,0.00804870403111509,1.146873188517669,0.008429732332752309,1.0587006207247558,0.008153042276680665,1.1029657029780833,0.008222516019640561,1.0953888071341535,0.008281509367424288,1.1238104220522558,0.008337849264791197,1.1527652817218677,0.008425606278639353,1.009704885922054,0.008144989195886855,1.1038384514384425,0.008069624554590421,1.0285130764255508,0.008067122554601132
1331.454,2932.5912,9482.32991,6549.7387100000005,1.021981931856332,0.007870223180802516,0.9771557299268203,0.007897214224028067,1.026263385093113,0.007958624543193259,1.0272348620148237,0.008015637838935854,1.1336621915410727,0.008357898347340532,1.0512549102893907,0.008110261618202545,1.0944200016797312,0.008174378346907419,1.0865843471181769,0.0082320623424815,1.1144175856749556,0.008285658258880797,1.1412543936428268,0.00836180020617484,1.008818521250598,0.008140692160904238,1.1064978819590192,0.008090026620112618,1.0326867283534733,0.008093919750285644
1337.359,2939.3196,8675.01739,5735.697790000001,1.0190637955491024,0.007855669695234133,0.9711628216730016,0.00786494059775908,1.020146451962909,0.007931067481252477,1.0185270151759511,0.00797435926789203,1.1143596235393702,0.008263894554392399,1.0395548211057333,0.008054449205877752,1.0812242166615265,0.008111328548779804,1.0721400351185517,0.008164421770130268,1.0994159753315733,0.008214343052936973,1.1229028124928455,0.008275103925751403,1.0038850216339588,0.008123820143999682,1.1074745501889491,0.008097558664503355,1.0333291043215858,0.008108127937055579
1343.264,2911.05002,8140.6219,5229.5718799999995,1.0162791738890873,0.007838885520003348,0.965373985833808,0.00783128634230156,1.014569102738865,0.007898203366551846,1.0097948457685222,0.00792665429891328,1.0911735665826627,0.008152945846152417,1.0267690363976791,0.007988783855038515,1.065808744558264,0.008036228471132077,1.055768853874134,0.008083018817423559,1.0805987009399323,0.008126714220975004,1.1001847726777971,0.008169672434331508,0.9971120848232802,0.008094364815036288,1.102503237798502,0.00809097215205977,1.0308577955715947,0.008108784701943183
1349.169,2921.15123,7904.00058,4982.84935,1.013612021001598,0.007823241137391183,0.9610796340852649,0.007798274456316515,1.0090653994987828,0.007864029927519946,1.0025562021055283,0.007876099670645207,1.071639561007398,0.008032557923734522,1.0161681729350296,0.007919125469845772,1.0529588116084627,0.007955490748774085,1.041599909096188,0.007993555780190528,1.0647644223881663,0.008030214310519508,1.081014606632649,0.008054353865747968,0.9904525650569789,0.008055378497572489,1.0985281925089707,0.00807337368543341,1.0279535723872528,0.008096273067053695
1355.074,2932.48689,7817.55358,4885.06669,1.0125704568426273,0.007809070354572906,0.9578987385328819,0.007768709011588003,1.0054820131841435,0.007831202955824224,0.9970256618953138,0.007828573539947379,1.057357726676194,0.007914666390966638,1.0082461576384334,0.00785048592330163,1.0431745958415974,0.007875786527091784,1.0309644534248927,0.007905099855435402,1.0532652400698341,0.00793339382040882,1.0670029194627024,0.007939023383358073,0.9857444464079568,0.00801184004122127,1.094983028778262,0.008048543411462978,1.0248379249864448,0.00807435389830871
1360.978,2917.69143,7775.96503,4858.2736,1.0104085204258566,0.007797081267461998,0.9555098008477744,0.0077449569116515285,1.001715660888263,0.007803017479938729,0.9924030523929324,0.007788052748531751,1.0454153055521616,0.007811510762223846,1.0014828456758795,0.0077913559384004,1.035315310360454,0.007806083865749674,1.0221098766442467,0.007827396591780797,1.0430228384008673,0.007847514331564932,1.0548489899786622,0.007836898936021297,0.980472013762255,0.007970501211344185,1.0904084426204403,0.008019218668654814,1.0209816548825081,0.008047846227434676
1366.883,2931.4785,7792.33949,4860.86099,1.0100198977300932,0.007788275589208875,0.9534930395119158,0.007727922312357968,0.9993090915360654,0.007780776955681829,0.987946596267506,0.007757215769049271,1.0337570916628909,0.007732564428110352,0.9959010759532129,0.007745963369505788,1.0278577705222547,0.0077527828762445055,1.0134350087637458,0.007767322990734233,1.033810787911464,0.007781117180643953,1.0437944101750583,0.007757772738285173,0.9761042333366541,0.007936094633169478,1.0870811695439988,0.007994282409915383,1.0174049680034152,0.008023044243626716
1372.787,2941.35376,7832.7794,4891.42564,1.009114077015796,0.007782568018118523,0.9515961546948917,0.007716368674347895,0.9967236014243077,0.007765184398049456,0.9847811669891805,0.007734482188213309,1.0228916942096251,0.007674729239138321,0.9893738852789756,0.0077125708171686715,1.0202735045564344,0.007713271310916971,1.0055531274518157,0.0077222729998787975,1.0241189662652217,0.0077315023204187995,1.0322722640837283,0.007698761017209824,0.9712945733342478,0.007909157063551414,1.0828544640821731,0.007973142752935411,1.013226401618159,0.008001315263744917
1378.692,2917.91745,7907.9853,4990.06785,1.0081770411197915,0.007777604008665941,0.9506289318290532,0.007708158270113187,0.9947833795486368,0.007753170802043561,0.9823309837360227,0.007717354241619378,1.0174349332745043,0.007631826614334569,0.9862470086453833,0.00768737840400805,1.0163818774528284,0.007684150267864985,1.000958932852987,0.007688697476760522,1.0193213665421403,0.007693918337705163,1.0263997933414872,0.007654237976645957,0.9682568384315656,0.00788696596548267,1.0795514934731798,0.007954362608004039,1.009795003087984,0.007981595051115401
1384.596,2922.78551,8065.05609,5142.27058,1.008283130834395,0.007775503700419958,0.9506474317032146,0.0077030537960576335,0.9945556734978346,0.007745449837339122,0.982249078771736,0.007706082399879848,1.0169958501094665,0.007602193455215288,0.9858459995700966,0.0076696653539117,1.0162243990669195,0.007663556260547048,1.000737637185945,0.007664267698703908,1.0186740912416163,0.007667130615885792,1.025414067184306,0.007622740705351313,0.9674585151837731,0.007870704957298556,1.0787589010922876,0.007939611436014547,1.008838041346319,0.007965829165843116
1390.5,2924.59365,8229.25214,5304.658490000001,1.008429230662877,0.007774355798211537,0.9510914170084491,0.007700584801002053,0.9950342307521477,0.007740635596211616,0.9822489628356829,0.007700573236976574,1.017297807233581,0.007585529076144595,0.9860635835201522,0.007658024165280244,1.0162023625388936,0.007650872978110885,1.0003312692048532,0.007649710088142658,1.0184916409199416,0.007650381156852885,1.0252511787992595,0.007602647556118098,0.9672362169350509,0.007858714481710079,1.0783989847384123,0.007928058079278103,1.0086620995652444,0.00795352338545555
1396.404,2924.26332,8383.31274,5459.049419999999,1.008062861610804,0.007773842921964085,0.9508007751283557,0.0077004679199883935,0.9946714202854755,0.007738879828596625,0.9817257708577405,0.007698463529643398,1.0170465611941648,0.00758060029514663,0.9855342892279586,0.007653435134162688,1.0160841445542363,0.007646039165753235,1.0002071514494553,0.0076434876909611945,1.01821293092452,0.007643305443841271,1.0249306444271025,0.007594977401949492,0.9666188806915031,0.007852037023049504,1.0771005513263883,0.007920425556734367,1.0073298805197481,0.007944635383781085
1402.307,2926.87121,8545.9922,5619.120990000001,1.0085013243325802,0.0077748080073012015,0.9510969401639452,0.007701685973835488,0.9947678489122547,0.007739438405942617,0.9823342476204625,0.007699168595447841,1.0175720864839393,0.007581949395876811,0.9855138926275371,0.007652115458511163,1.0161573100421888,0.007645658262411633,0.9997306553813853,0.00764181219927132,1.0180395492783292,0.0076413421259499395,1.0250854822757605,0.007593715245483865,0.9664573408660488,0.007848958826090503,1.0763623582342545,0.00791478817769518,1.006984350411718,0.007938798759557698
1408.211,2919.76036,8699.63165,5779.871289999999,1.008977539013676,0.0077758654915659675,0.9513585725539576,0.007703164592794063,0.9949769331282116,0.007740037160786791,0.9830254230453636,0.007699801771968977,1.0180992957716883,0.0075848764277120714,0.985406124848154,0.007651160689578702,1.016058885283586,0.007645583060809056,1.0000993170905024,0.007640214102785834,1.0181895797890683,0.007640371341791673,1.0248072859767783,0.007593163093839974,0.9657701512588527,0.007845449246342102,1.076080048834444,0.00790882568706764,1.006479621797945,0.007932688378182012
1414.115,2919.06492,8836.05701,5916.992090000001,1.0086483570066762,0.007776919401599618,0.9514951100771201,0.0077046745955784675,0.9951436507666515,0.0077402086120477,0.9828966274653241,0.0077008415190570195,1.0182606277575739,0.007588072451335447,0.9852367083357044,0.0076497397804470525,1.0157767508524758,0.0076456430856096744,0.9998530182250084,0.007638527875655171,1.0175198763870579,0.007639464714662712,1.0250243126486922,0.007592810059417977,0.9655395550816089,0.007841227795625533,1.0755867665863312,0.007901521532633052,1.0053354355591169,0.007925903098338516
1420.018,2935.00786,8974.9076,6039.899740000001,1.009053392002166,0.007778371833408501,0.9516819496079914,0.007706337414346,0.9952860227444768,0.007740525230488969,0.9829607982863634,0.007702013005116906,1.0187025438935513,0.0075918146537171625,0.9850572734838144,0.007648464400325185,1.0160275342583747,0.007645734038662197,0.999424076532767,0.007637018489562726,1.0174902986055194,0.007638158153323319,1.025207112129977,0.0075927605383828475,0.9656038711000191,0.007837128242117297,1.0741835741134338,0.00789411079195418,1.0046131179654316,0.007919059413874278
1425.921,2929.14878,9059.1033,6129.954520000001,1.0092433850553266,0.007779754325177397,0.9519257102090211,0.007708598267280208,0.9950944709456016,0.007741349909438785,0.982814676739233,0.007703130319099267,1.0197460796169169,0.007596077034566702,0.984985240967171,0.007647223616831504,1.0161544412241414,0.00764609165954643,0.9992736797662244,0.007636060365804637,1.0177686995302535,0.007637666353224293,1.024892308662675,0.007593294334278019,0.9644337573323465,0.007832977387296033,1.0730814100721906,0.007885923766146014,1.0034131085200937,0.007911562165488488
1431.824,2913.60574,9090.96477,6177.3590300000005,1.009386239284201,0.007780600862464072,0.9523968270952189,0.007710640138164567,0.9951885134317666,0.007741990789687593,0.9831777383352119,0.007703793057951493,1.0203007805424575,0.0076004470637090794,0.9847825827277519,0.007646486684791827,1.016258201848436,0.0076463719295588725,0.9987865785421249,0.007634623166022419,1.017646084592237,0.007636742851932466,1.0249175771154748,0.007594184316596941,0.9635979277053612,0.00782811996841402,1.0714439597660879,0.007876537808393026,1.0026379768313385,0.007902829308954222
1437.728,2925.82805,9139.32976,6213.5017100000005,1.0093817500534652,0.007782104527002928,0.9522382959157503,0.007713210114831979,0.9949563335679841,0.007742378990825698,0.9827722249069758,0.007704758572326375,1.0205627222721083,0.007605335815028444,0.9843844880828077,0.007645727549607507,1.0161687555083974,0.0076470068896878195,0.9988244583584416,0.007634019801206423,1.0169943801302985,0.007636321149500036,1.0248838492715242,0.00759505007890152,0.9630856494928043,0.007822804704811882,1.070044034799179,0.0078664656483404,1.0012539048613216,0.00789332267426203
1443.63,2918.7172,9119.86915,6201.15195,1.0097567033492867,0.007783066274968546,0.953051466510186,0.007715869905524707,0.9955099471478036,0.007742509947613066,0.9833323113457976,0.007705875790885487,1.0215770055433007,0.0076095574479901505,0.984395281589576,0.007645898960025797,1.016489994250181,0.007647874631030678,0.9988529534419809,0.00763359468838724,1.0175808770497874,0.007636146464770166,1.0255898954387013,0.007596058557986106,0.9628798952426895,0.007816721467224163,1.068566662037688,0.007856627839552793,1.0003281261314683,0.007882465485443326
1449.533,2922.69858,9094.91263,6172.2140500000005,1.00974624170722,0.007783744421808545,0.9531237870792895,0.007719019843699987,0.9955536376772286,0.007742898581186648,0.9836174281739304,0.007707521185092015,1.0222053608137585,0.007613417852840273,0.9847417540550135,0.00764657008377056,1.0163196122467593,0.007649195023947716,0.9987827512236065,0.007634258833520544,1.0173282859495125,0.00763622295714264,1.0256482793236894,0.007598005753260425,0.9615837480555296,0.007810317829396231,1.067142728143072,0.007846747144453974,0.9987263970535823,0.007870616165719966
1455.436,2929.9833,9069.38182,6139.398520000001,1.0100137676027585,0.00778517816252938,0.9537168764864606,0.007722379188956854,0.9954929786835208,0.007744002489702561,0.9837590930650321,0.0077090406352897005,1.0228540824549697,0.007617463108134173,0.9845523206074589,0.007648547197360441,1.0163674356164778,0.0076515784323317486,0.9993002979060559,0.007636521303771472,1.017126580015529,0.007637761670185647,1.0258424191691011,0.007601512236666827,0.9609585549432617,0.007803773242325916,1.06599604320848,0.007838156650173718,0.9968952333135069,0.007857209976950736
1461.339,2931.66975,9039.17219,6107.502439999999,1.0099267123665694,0.00778642274414669,0.9539813609963946,0.007725928564259644,0.9954038659377107,0.007745399957495831,0.9839587767729162,0.007711174412416333,1.0226691763712172,0.007621427244663978,0.9852118061536134,0.007651744888497985,1.0168347685506616,0.0076544198824856574,0.9990346463128061,0.007639581367932868,1.0173273807157088,0.0076404883674031756,1.0261600796020311,0.007605308606535026,0.9603609867735069,0.007795301842029194,1.064816000302736,0.007828812758220973,0.9949738636535035,0.007842143694494886
1467.241,2926.22793,8973.48141,6047.25348,1.0098591799065781,0.007787162208377136,0.95464885821191,0.007728929845562783,0.9954441879952416,0.007745820813167521,0.9842844590003857,0.007713015468187865,1.0233733033462984,0.007623933437174908,0.9855902832106848,0.007655625637538385,1.0173827639849486,0.007657700326113479,0.9998820786986424,0.007642943209647769,1.0178400393429512,0.007643211786445968,1.0267323208022694,0.00760885070921784,0.9589147336354088,0.007785125597179027,1.0636729998624102,0.00781951538439092,0.992893018269841,0.007825038701423615
1473.143,2929.14878,8901.40488,5972.2561000000005,1.0106881551847717,0.00778814249432789,0.9553010092785538,0.007732114709699606,0.996181880077112,0.007746344264746293,0.9845350185167043,0.007714476274728485,1.024101689142232,0.00762554804466153,0.9865650218851132,0.007659348883160255,1.0184754166854968,0.0076616187512973145,1.0008591443357562,0.007646705878385877,1.0190811492494436,0.007646248886861869,1.0282310465554214,0.0076126558600585065,0.9579574258377835,0.007774147164698465,1.0632640803866398,0.007810497516127053,0.9907356635292315,0.007807089435158272
1479.046,2921.41202,8820.33284,5898.920819999999,1.0105118990222353,0.007789261577104273,0.9553067606694882,0.007735034898233883,0.9962138634028996,0.007747283236925048,0.9846782652695447,0.007715833883091665,1.0242874119473266,0.007626499179157222,0.9872673218895658,0.007664005119157052,1.018812073154764,0.00766607805241879,1.0016276706016205,0.007650600623009984,1.0195374058267155,0.0076499838229098956,1.0284712484070944,0.007616731691828509,0.9557845090722883,0.0077617371343802685,1.0611467692153225,0.007801393581376301,0.9878777233697471,0.007788152484420288
1484.948,2927.44495,8723.89772,5796.452770000001,1.0104281777836344,0.007790491567099513,0.9556460993988223,0.007737836492715694,0.9958886596776323,0.007748010537430313,0.984976872329454,0.0077168704543908095,1.0239318158025807,0.00762728700891794,0.9878939167134797,0.0076682626647574656,1.0195416946354243,0.007670121149777163,1.0019326130039354,0.0076547966028642014,1.0201208453907575,0.007653439803830388,1.028937023496182,0.007620471778276753,0.9541094216489233,0.007747470866571089,1.0597136910683393,0.0077919917053136615,0.9851419318991533,0.00776760215262453
1490.85,2935.66853,8615.68104,5680.01251,1.010636395587798,0.0077916398133845086,0.955877128869211,0.007739839508808851,0.9960246724879132,0.007748152825267977,0.9849223237010091,0.007717779297329394,1.0237224407099064,0.007627099417299193,0.9880983941706144,0.007672067128517844,1.019964808140889,0.007674000606315696,1.002229593680948,0.007658603031959603,1.0201608059486478,0.007656554354291075,1.02924397608413,0.007624071944005417,0.9521219029850342,0.0077318054950846465,1.058555902722827,0.00778182927685277,0.9827906382551261,0.007746083248358887
1496.751,2921.23816,8465.20191,5543.96375,1.0110299566803627,0.00779210360222926,0.9562414039954718,0.007740975547286367,0.9963379251893557,0.007747297132196391,0.984971804694791,0.007717814852422204,1.0237477653060052,0.007626239763570496,0.9887500851714625,0.0076749993990005835,1.0205157925139754,0.007676322610147606,1.0028681302254188,0.007661008069910814,1.0206099291323831,0.007658132857462936,1.0296938972589784,0.0076262359418835385,0.9502628764482813,0.007715483530320428,1.057327265171963,0.007770803090132384,0.9800825862182089,0.007724343417151015
1502.653,2933.13017,8300.48132,5367.35115,1.011043611335174,0.007793186893362427,0.9564033629512017,0.007742076077146433,0.9960583368949131,0.007746740705012365,0.984884715433608,0.007717518458037114,1.0234094186291498,0.007625649785433691,0.9890501369562896,0.007677480288636131,1.0205959433080878,0.007679446879372401,1.0028784291484263,0.007662538471883374,1.020550565244832,0.007659469751641817,1.0296942934318727,0.0076281057594041616,0.9480654959569769,0.007700084699654994,1.0558635221770425,0.007759943764414656,0.976728820882159,0.00770276848875707
1508.555,2933.49528,8077.42723,5143.93195,1.0109018510635623,0.007794412794149228,0.9563804824439794,0.007743694166323752,0.9955722275836094,0.0077466947129789685,0.9850963016724977,0.007717732652018609,1.0231970428768988,0.007626292032156243,0.989020144405293,0.007678793857661411,1.0209917084925666,0.007681691788324846,1.0033690084099964,0.007663517953846278,1.0207447923178687,0.007659916472240243,1.0301343158320748,0.007630008442095775,0.9454134147322847,0.00768487768213877,1.0539963227935005,0.007748766028268839,0.9737880552638336,0.007681343977286365
1514.456,2928.19255,7797.94263,4869.75008,1.0111093011163317,0.007795787157893869,0.9562831240818009,0.007745926691287633,0.9954118733748242,0.007746691243654426,0.9845667788355987,0.007718289875388734,1.023293961319674,0.0076282588203628755,0.9892085694056809,0.007680056178039492,1.0206355086707037,0.007683500676748503,1.0030623111566332,0.007663849622263796,1.0205533237549638,0.007659265982862282,1.0302759274250066,0.007630938852151676,0.94389021705196,0.0076709408077826535,1.0527649316245815,0.00773550187262878,0.9714345566579877,0.007659881146864156
1520.358,2916.61351,7442.96337,4526.34986,1.0114955873075175,0.007797299948709997,0.9562581779747797,0.007748170774672837,0.9957131550586767,0.007746607808616348,0.9844135048809506,0.007719237767059528,1.023733070425979,0.007631041483405885,0.9895039333084164,0.007679667635049533,1.0217184890785265,0.007684703937293823,1.0030296155675424,0.007663332798872649,1.0207842462270469,0.007658786866733262,1.0302381420423388,0.007631625921706344,0.9425129103917742,0.007657636254326205,1.0508065057083325,0.007721071445442288,0.9687230208934843,0.007639614707057742
1526.259,2933.2171,7090.50232,4157.28522,1.0115413635247283,0.007798469902192089,0.9570449510798782,0.0077496360714772086,0.995847273139465,0.007746520898040079,0.9851682055146556,0.007719144040703304,1.0245352687155778,0.0076334677315990805,0.9890781465314041,0.007679021375559324,1.021630067517956,0.00768537819304068,1.002829880409312,0.007662410020928682,1.0205374746936415,0.00765761379055657,1.0307349732429472,0.007631868326258387,0.9410031385818652,0.007645594399703754,1.0490702367541673,0.007705721755110083,0.9661207729211325,0.0076214295159438665
1532.16,2942.25784,6699.93285,3757.67501,1.011884393908775,0.007801069604792249,0.9578071654472321,0.007750237821128174,0.9960215505704415,0.007748031994289877,0.9854200749521445,0.007720182180008533,1.0255704284549079,0.007637345214879779,0.9892364214860614,0.007679371751059112,1.0216475639281002,0.007686839179650736,1.0025334229209992,0.007662137595847407,1.019554133820636,0.007657832382717364,1.0301231718279968,0.007633460187143938,0.9401103024074453,0.0076348860780023455,1.045925757161208,0.007693346641542825,0.9637354588575768,0.007606298635808183
1538.061,2918.10869,6275.68691,3357.5782200000003,1.0124036544411465,0.007803154628738923,0.9581814329257828,0.007752684126831784,0.9962628450693248,0.007750003502027835,0.9858185284511404,0.00772168437047936,1.0263623463699973,0.0076404265508632566,0.9883997996627462,0.0076805110944770764,1.0216351504686614,0.007689738504426921,1.0023946873231742,0.007662661568153729,1.0201630864760611,0.007657605606333309,1.030343147150865,0.0076350988867329266,0.9387962464207311,0.007629520599989201,1.0435865943876652,0.007685782800676711,0.9620895890848373,0.007599259942617248
1543.962,2921.42941,5925.85189,3004.4224799999997,1.0121059938281383,0.007803344455544319,0.9576701243428319,0.007753852829461845,0.9959801292659748,0.007750112601089519,0.9848009924356577,0.007722632518009143,1.0256891134698207,0.007640156572448502,0.9884675107343758,0.007680977670888741,1.0212231836316177,0.007689189400044059,1.0020331062094838,0.007663762060506522,1.0194565079941753,0.0076578006587900895,1.0299233548538753,0.0076356218765682125,0.9376871324701311,0.00762899682320819,1.0412475278776372,0.007683660447626657,0.9605836027428474,0.007600265082753886
1549.863,2925.54988,5631.09429,2705.54441,1.013262524860939,0.007801677933836126,0.956900700070194,0.007752442135736419,0.9969320074845861,0.007750351962589989,0.986023640986917,0.007722608363681092,1.0268403134436075,0.0076374973619025436,0.9893360205460459,0.007682753697472327,1.0223508214378192,0.007690462864799613,1.0031194498115814,0.007666317915454327,1.020948660014788,0.007658514919186088,1.0316385529225152,0.007636804706671462,0.9361843666798284,0.007633948927756826,1.0422127242036292,0.00768861465309484,0.9603545225117928,0.0076127191101686064
1555.763,2932.12178,5393.16766,2461.04588,1.0130026182201852,0.007799129022043512,0.9583979759044555,0.007749941441544497,0.997185960629064,0.007749886662740025,0.9859086414106185,0.0077216388715704125,1.0261891744984455,0.007631691352861802,0.9902357285594368,0.007685186367095614,1.023332665378835,0.007690517210207988,1.0035423029171646,0.00766884988530312,1.020341823127653,0.0076605051488189205,1.0318244249879647,0.007636882585603842,0.9392659392436843,0.007646352678815338,1.0455626329079246,0.007704329842658125,0.9651854479039617,0.00763859949592243
1561.664,2930.07023,5235.57254,2305.5023100000003,1.01166796054956,0.0077961727214711195,0.9572685312121852,0.007744542941732545,0.995811329289017,0.0077485287833396945,0.9852604571886113,0.007720075919689029,1.0234793995934013,0.007622797367358584,0.9899245687591611,0.007687970422814202,1.0212076733941766,0.007688848894920719,1.0040377361408932,0.007670432733381952,1.0209661598647455,0.007660462131671331,1.030732343963689,0.007635703882839413,0.9420614894113899,0.007664833711729812,1.0487855984841759,0.0077282587149665755,0.9696154067180265,0.007673723911482997
1567.564,2914.7706,5128.73808,2213.9674800000003,1.0100280696083215,0.0077923886445622126,0.9558253945085045,0.0077404852797305366,0.9960626657443045,0.007748356471523208,0.9851466291636766,0.007719549123963759,1.022036683212709,0.007613853093960016,0.990679298505324,0.007689994548742691,1.022814734388059,0.0076865785725726546,1.0051712051344133,0.007672804895223606,1.0212036221959322,0.007660434910626924,1.0318526946023614,0.007633998419825365,0.9452711473431397,0.007689318642087897,1.0537876373866157,0.00775913468337831,0.9771777361427186,0.007718806221372576
1573.465,2936.43351,5112.76539,2176.3318799999997,1.0095698409748057,0.007786831042488751,0.9556452943197251,0.007737179974399128,0.9956028443603004,0.007745754982117126,0.9845540561580158,0.007716460705566605,1.0201151214124566,0.007601184954874396,0.9914295608259895,0.007690000482284781,1.0216981198657993,0.007682058987297773,1.0048528673852815,0.0076715693296876865,1.0214103007120405,0.007658178590213782,1.0301967639237086,0.007628182092893786,0.9508005690749705,0.0077202502908835695,1.0608897802847974,0.007792132889320561,0.9867126423751142,0.007769527765357009
1579.365,2929.70513,5115.56669,2185.86156,1.0097191699551185,0.00778064354506982,0.9535143845065835,0.007731295624779128,0.9950409393722084,0.007743026769264161,0.984422389494786,0.007714064782672397,1.0180055867765019,0.007589808516236252,0.9909097262317017,0.007687835244040017,1.0200831657426652,0.0076743471291522685,1.003844676238325,0.007668477358500767,1.0201229669824106,0.0076547367987546576,1.0292293259413923,0.0076205408530143496,0.9547242644223087,0.007747559157613569,1.0663716964765144,0.007822823019040985,0.9932738283754805,0.007816646059841807
1585.265,2920.90783,5150.5919,2229.6840700000002,1.0086698426293192,0.007775669465988505,0.954162241469483,0.007727588699741456,0.9958250722040631,0.007741496225769585,0.9843304213049339,0.007712874233303017,1.0172851035348698,0.00758103143941608,0.990292333209341,0.007685491161113016,1.019111169413342,0.007669029827723074,1.004206156435427,0.007664454210227051,1.0194311205712654,0.00764990348767278,1.0283117688507322,0.007614151546451366,0.9587896548949196,0.007772014203879087,1.0706476635499305,0.00785121296719559,1.0006086826462366,0.00785906742416992
1591.165,2942.08398,5235.71174,2293.62776,1.008215914687046,0.007774031902131691,0.9540432358561969,0.007724195544677279,0.994591022912977,0.007739720800097585,0.9832648476490361,0.007709669641755766,1.014937371528848,0.007575918040462787,0.9893413698480873,0.007679823362651461,1.0181463839624965,0.007662911555566941,1.0019875936625395,0.007658831501227604,1.0188443263348017,0.0076460033087782,1.0261423850224065,0.007606549416095831,0.9628430421508328,0.007790442063161867,1.073633657102232,0.007870443946502716,1.0053862401804905,0.007893003882877392
1597.065,2938.01564,5315.71782,2377.7021799999998,1.0073840282217348,0.00777251432958065,0.9533109062464671,0.0077199293900183175,0.9947309422915194,0.007738997321273293,0.9837684339423872,0.007709003718954887,1.0154999100854594,0.007571722226038321,0.9882836882455985,0.0076753675778369205,1.0161585501847838,0.007656773658998674,1.0007098618212986,0.007653167070217951,1.0171318722515532,0.007639525369119345,1.0246037962584533,0.007597999303014756,0.9628022925898988,0.007801563864749654,1.0747858127463215,0.007878112134657491,1.0070181203265751,0.007911859786037045
1602.964,2921.09908,5390.85336,2469.75428,1.007151221537715,0.007770848814653195,0.9540638633896811,0.00772094341568914,0.9944340495281982,0.0077389019597669285,0.9841969744455711,0.007709068022415194,1.0152324870148621,0.0075706434949174475,0.987811293518641,0.007671058283973577,1.0162611440033622,0.007651468103339292,1.0003522779602187,0.007647980938989403,1.0164584227383138,0.00763419061377237,1.0246947360285574,0.0075906600052363694,0.9631382560049657,0.007806590619144295,1.0758185425636755,0.007877413777147999,1.0072780398218402,0.007918885688622373
1608.864,2922.21178,5475.00404,2552.7922599999997,1.0085410710231468,0.007771497171945583,0.9528919834628454,0.007722805733477486,0.9944650255246386,0.007738059250052844,0.9822840617669377,0.007709205273142964,1.0172321503356485,0.0075713414859029165,0.9855695739221647,0.007667503372931233,1.0171230854484024,0.007648093003046743,1.000020448197379,0.007642490685047987,1.0175661610631805,0.007629951383520745,1.0246690226176103,0.007585046472936212,0.9611533372480534,0.00780497790027651,1.0720993998939812,0.007868617162907623,1.0073072808517527,0.007913506612630909
1614.763,2929.34002,5569.78864,2640.4486199999997,1.0081918011341573,0.0077721105896024194,0.9519571677937063,0.00772518302698844,0.9949518123931533,0.007738534956383096,0.9839592069017424,0.007710700552175725,1.0161727479476574,0.007574084416025603,0.9874125102271448,0.0076635565633620655,1.0159882149117527,0.007645469921530237,0.9996638904490407,0.007637848230804872,1.015368717911277,0.0076252111772436,1.0221172908109837,0.007580889249345102,0.960385977894923,0.007794901562073637,1.0681914386200024,0.007852462590806412,1.0034533336232843,0.007897361108425175
1620.663,2930.6092,5638.36818,2707.7589800000005,1.008206790251324,0.007773937005626999,0.9543910182138885,0.007727435009538401,0.9949551270623058,0.007738704890593971,0.984479829885007,0.007711464939113457,1.0169920145551505,0.007577475588189934,0.9870247425049623,0.007661757475603557,1.0151475630966238,0.007644908811407594,0.999093852141892,0.007635268648226893,1.0151475630966238,0.007622513417237023,1.0222940189455119,0.007579120076227842,0.9590566107179892,0.007782631192267222,1.0657067195840302,0.007831973936823153,0.9995115813446585,0.00787542013514886
1626.562,2924.12423,5672.00576,2747.88153,1.0092585869231414,0.007776413769191387,0.9557722308355849,0.007730213538868883,0.9950667487473523,0.007739259350617718,0.9844530233441324,0.0077122876188616156,1.0179409335743816,0.007582303133288219,0.9870874527840362,0.007660310703878848,1.0159714127122506,0.007644068532920762,0.999176736705967,0.007633233679509548,1.0154774467296632,0.007620615895597485,1.0230072327754247,0.007577407997940557,0.9573997209406623,0.0077676745564271435,1.0622715164871026,0.00780850698703658,0.9958330190457667,0.00784923158174042
1632.461,2937.84178,5718.85164,2781.0098599999997,1.0087729318586451,0.0077786277209427705,0.9560984260587988,0.007732596257577187,0.9950190935317287,0.00774099431412924,0.984600536439666,0.0077151001828980915,1.0175146196712874,0.007585879535717108,0.9857831787766477,0.007661968757999493,1.0157062082476758,0.00764365835242444,0.9977348120585233,0.00763291511359848,1.0144234224325979,0.007618186709935545,1.0222139953146374,0.0075767522875188065,0.9541586738566976,0.007749991034748878,1.058251253377433,0.007786043447880006,0.9910519015563648,0.007818789346641292
1638.36,2905.57347,5684.48287,2778.9094,1.0090425150240596,0.0077823554267549624,0.9552577640710418,0.007737329593347615,0.9948838598336457,0.007740647709794731,0.9844512383167296,0.0077150560736528075,1.0186862443230427,0.0075924046661202515,0.9866617457913528,0.007660588561570599,1.0156365659132323,0.007645872250251542,0.9983468010867862,0.0076320986256273576,1.0146158345428604,0.0076192941408049835,1.022932007067233,0.0075804762588568995,0.952226981563343,0.007731744624245774,1.0552764908420549,0.007765408283523892,0.987538435042179,0.007786348748570884
1644.259,2942.79681,5693.70586,2750.90905,1.0094002598886358,0.007785008812633973,0.956465925327484,0.007741810261882793,0.9949329876972849,0.007742290314602223,0.9849318500733422,0.007715949121976428,1.019768432547779,0.007598036440777364,0.986506976666495,0.007661083398346111,1.0154794575996615,0.0076489858993200165,0.9984881179550447,0.0076332560908784,1.014688718989092,0.0076198678054937175,1.0230768988891144,0.007584002521680509,0.9502477662792959,0.0077139878030500625,1.0534732836768992,0.007746703614834291,0.9840272581894338,0.0077563225380366295
1650.158,2931.91315,5625.09072,2693.1775700000003,1.0105514617069975,0.007787421190098008,0.9549518637941127,0.0077456989656091435,0.9960262553352544,0.007743501366177697,0.9847964425160424,0.007717384114325662,1.0205925263219833,0.00760418579346483,0.9870643694689615,0.007663075635403827,1.0167415065765604,0.007653436679260234,0.9997286216816367,0.007635187559559304,1.015300606413412,0.007621643054969951,1.0240494056988598,0.007588557062648896,0.9459126603375062,0.007697673758227688,1.0507095898619117,0.007728331000844424,0.9802799857716027,0.007727956964709116
1656.056,2930.17455,5530.58338,2600.40883,1.0115767642582572,0.00779079321240292,0.9560491763135569,0.00774975473574897,0.9946399159089151,0.007745558520867578,0.9839198054099823,0.007719279494629611,1.0223037390624459,0.0076126115293679115,0.9861682134035822,0.007665813729472343,1.0180477390549392,0.007657948209392765,0.9989159358453646,0.007639128207769475,1.0164015517513836,0.007625680438762321,1.0256362765850167,0.007594574978473738,0.9446601709931896,0.00768300782787555,1.0485426093557757,0.0077116279507368594,0.9746518473404813,0.007701774274762527
1661.955,2924.41979,5407.62768,2483.2078899999997,1.0106162114360875,0.007794097594617012,0.9582645937871921,0.007755747986108221,0.9964332466743252,0.007747139070011786,0.9852775636920195,0.007721533084099766,1.0222836115424876,0.007621087312127819,0.9874708556922313,0.007668784611674892,1.018044099400796,0.007663685972632083,1.0001541634921274,0.007642553185225173,1.0156825854801874,0.007629296962196248,1.0256261790469747,0.007601463762040374,0.943752760063919,0.007669384905528806,1.0478961107038045,0.007696984611263167,0.9728536421491478,0.007676161664649173
1667.853,2921.23816,5275.38397,2354.14581,1.0114491591325856,0.007796939272688897,0.9591340478608671,0.0077596037776302765,0.9961565294887149,0.007749879579617366,0.9857348598131225,0.007723701132611282,1.023718845180622,0.007628385536231922,0.9888835262927067,0.0076712764801603285,1.0201118426050253,0.007669296604863983,1.0009460841340154,0.007646706498056698,1.0171331146221567,0.007634273902240692,1.0273110695721945,0.007608815873233745,0.9433393380166202,0.007655400265703811,1.044777090506556,0.007681857124983459,0.9706494305890084,0.0076516284254368305
1673.751,2943.97906,5156.62957,2212.65051,1.0118349146788663,0.007798875586396213,0.9596046734014042,0.007765894517379906,0.9968702513258635,0.007751174679786604,0.986293623930695,0.007725943976581178,1.0254314134770433,0.007635441681381761,0.988251669261586,0.007674228411522383,1.0199031522605888,0.0076744833337573865,1.001344694964954,0.0076505277156288755,1.0181888462810154,0.007637960238351664,1.027900655671103,0.007615093955331844,0.9415187308546074,0.0076454843552666825,1.0423465882101732,0.0076677860772951245,0.9678063256361257,0.0076309338956034945
1679.649,2928.14039,4991.19788,2063.0574899999997,1.012043076899423,0.007799228570132307,0.9604389793325635,0.007770934829250527,0.9963061378381657,0.00775416177617352,0.9864643035226326,0.00772971272609714,1.0266500619912442,0.007641621629195569,0.9893401031689137,0.00767816204786215,1.0209742385802347,0.007680136690883352,1.0014842969790438,0.007654709091270095,1.017988747371262,0.007641851113062052,1.0294415983531315,0.007621112301140409,0.9404859628996576,0.007636909856046564,1.0413330847120505,0.007655882976379201,0.9647989887087444,0.007614482641717326
1685.547,2925.34125,4845.121,1919.7797500000001,1.0119806608023654,0.007801712559345007,0.9597992894757847,0.007773380826957334,0.9973990714299384,0.007754187359378034,0.9868685040562597,0.00773282114224956,1.0266258199671083,0.007647250795414366,0.9887534859142044,0.0076808379053434125,1.0206988640233339,0.007684087905925086,1.0022928151002741,0.007658683782092121,1.0193304101681455,0.007646007756904274,1.03002431398706,0.007626607955192513,0.9381949986710714,0.0076270750163153316,1.0390688723537167,0.007644215816286426,0.9622461014082472,0.0075988096969777826
1691.445,2926.12362,4704.04395,1777.9203300000004,1.0123097416856692,0.007803279261173574,0.9603902611316674,0.007774821103867689,0.9971916683128311,0.007754520452865006,0.9867999090825402,0.007735417623805804,1.027222457150259,0.007651352462005049,0.9897256419808192,0.007681946803172399,1.021566568171252,0.007685816388010764,1.0032290985727126,0.007661793990397418,1.0187386293062972,0.007648609106287252,1.029981911506687,0.00763032057162337,0.9373665579266983,0.007617719863790814,1.0373111206844683,0.007635824245468449,0.9619069207673665,0.007585619469296053
1697.343,2940.32799,4580.94405,1640.6160599999998,1.0118972930205257,0.007804421147977802,0.9604065682497341,0.007775716995619828,0.9973278940107414,0.00775406040152704,0.9872863185308575,0.007737388579210204,1.0281103977490018,0.007653631465465218,0.9897145283339481,0.007683756568191117,1.0233068911930556,0.007687769203033551,1.002746340298534,0.007664469064074193,1.0200303354338733,0.007650078473173663,1.0313233432568008,0.007633409257787194,0.9372701739857402,0.007610477133595439,1.0372084618018427,0.00762998518369207,0.9600460573328778,0.007575631577220991
1703.241,2945.89153,4467.6432,1521.7516700000006,1.0128718110754555,0.007805333795203635,0.9603791793440252,0.007775647823372644,0.996456268058506,0.007754227238242875,0.9880542204366363,0.0077391684619508684,1.0275727576497418,0.00765461347789704,0.989883237650726,0.007684359022732518,1.0217197987369384,0.007688570647394552,1.00379523158335,0.00766699174432403,1.0195592359691643,0.00765176239123084,1.0308193254685236,0.0076348672393247415,0.9352765290541787,0.007604432708083454,1.03678662629626,0.007625210501425433,0.9589388523555882,0.0075690310036879505
