wavelength_nm,dark_mean,water_mean_raw,water_corr,corr_2pct,trans_2pct,norm_2pct,corr_4pct,trans_4pct,norm_4pct,corr_6pct,trans_6pct,norm_6pct,corr_8pct,trans_8pct,norm_8pct,corr_10pct,trans_10pct,norm_10pct,corr_12pct,trans_12pct,norm_12pct,corr_14pct,trans_14pct,norm_14pct,corr_16pct,trans_16pct,norm_16pct,corr_18pct,trans_18pct,norm_18pct,corr_20pct,trans_20pct,norm_20pct
953.279,2944.50064,19303.80469,16359.30405,16643.24426,1.0173564968981672,0.007845660177265767,15915.3349,0.9728613669234908,0.007889458272395148,16482.71434,1.0075437371677187,0.007859442090003086,16419.492380000003,1.0036791497863262,0.00789340170865968,17452.55577,1.0668275200863448,0.008007280184357398,16569.170749999997,1.0128285836218074,0.007923126915049719,17175.188260000003,1.0498727945581525,0.007959667191294966,16868.443659999997,1.0311223269916545,0.00795254719363424,17188.77149,1.0507031006615466,0.007962697130143203,17482.610739999996,1.0686646990951914,0.008000143516329007
959.192,2935.32081,17137.01755,14201.69674,14467.839639999998,1.0187402185015253,0.007843141023148472,13863.0104,0.976151698899043,0.0078895790935227,14382.20104,1.0127100517145673,0.007864504857248473,14347.23678,1.0102480740621702,0.007899042565829238,15365.544149999998,1.0819512929551542,0.008014161865058432,14549.061689999999,1.0244593978000969,0.007943370856999721,15093.05216,1.0627640088588457,0.007976283369703449,14859.507869999998,1.0463191928431503,0.007975676216502277,15150.764179999998,1.0668277500481256,0.007985559667980388,15433.496359999997,1.0867360881274528,0.00802300673014466
965.105,2935.06002,15619.10929,12684.04927,12923.051640000001,1.0188427500486996,0.007838412614724644,12396.377199999999,0.9773201708794687,0.007886608784645867,12877.36637,1.015240960980594,0.00786655564501973,12857.69728,1.013690266121144,0.007900768974875287,13829.641349999998,1.090317536270497,0.008008727830160269,13103.829710000002,1.033095144229127,0.007958046699040955,13593.840799999998,1.071727215074118,0.007984220643432578,13405.868310000002,1.0569076187450037,0.007990610732487314,13681.83625,1.0786647038938852,0.007998768197491669,13955.29677,1.1002241061146558,0.008034599760288566
971.017,2948.86455,15158.79184,12209.92729,12420.97063,1.0172845697593011,0.00783237793091765,11911.82909,0.975585587619007,0.007880535588975706,12384.489169999999,1.0142967174049404,0.00786639537340636,12359.9714,1.0122886980762684,0.007898963050251426,13235.991899999999,1.084035276020059,0.007993977501170094,12626.47617,1.0341155905441923,0.007966770764516667,13072.70848,1.0706622709134903,0.007984685525879432,12909.79918,1.057319906448026,0.007997788040933401,13162.56414,1.078021500650558,0.008003164865907847,13408.42405,1.0981575673248747,0.008035665430820396
976.929,2928.48811,15783.90602,12855.41791,13049.13576,1.0150689655798206,0.007825607971734996,12507.8822,0.9729658178028069,0.007873609045685936,13010.96249,1.0120995350823254,0.007863827097223918,12967.49095,1.0087179616240107,0.007894130757353847,13797.636799999998,1.0732935246910225,0.007971892770161706,13254.95436,1.0310792268907265,0.007969535630064032,13695.266699999998,1.0653303374405818,0.007978090783111926,13527.884489999999,1.05230997426205,0.007997166801664487,13781.3372,1.0720256079174013,0.007999343425235478,14015.8689,1.0902694099969559,0.008026960380341031
982.842,2940.17151,17469.54672,14529.375209999998,14719.170119999999,1.0130628404357933,0.00781713194404552,14097.75847,0.9702935099574734,0.007862369600265125,14665.79392,1.0093891656061103,0.007854408580272863,14605.23744,1.0052213002213468,0.007879897697530096,15426.15322,1.0617217187276424,0.00792861568083602,14908.001779999999,1.0260593841460854,0.00795397701458202,15361.27794,1.0572566072509046,0.007952011059599182,15180.33899,1.0448032878627822,0.007973312993055398,15445.044010000001,1.063021897828737,0.007970917898595884,15686.19814,1.0796195922591225,0.007991451710102017
988.754,2916.005,20165.2742,17249.2692,17454.13308,1.011876670114233,0.007808456446522006,16690.58328,0.9676110382693778,0.00784897318165119,17376.90542,1.0073995146414667,0.007840427655431154,17284.90568,1.0020659704238368,0.007859885782276945,18162.931239999998,1.0529681593699054,0.007872431142817146,17606.219419999998,1.0206936430674987,0.007924268322332943,18116.99819,1.0503052610483927,0.007911327250725221,17899.51827,1.0376971953107441,0.007932123372404017,18194.591379999998,1.0548036075638496,0.007923618576772646,18451.05528,1.0696717099180064,0.007934908983867558
994.666,2939.87595,23909.62372,20969.747769999998,21204.79766,1.0112089993917939,0.007801593171772488,20275.08948,0.9668733120865765,0.007837356700498767,21079.474909999997,1.005232639953685,0.007825876072000542,20956.381749999997,0.9993626046366126,0.007839804785304529,21935.96621,1.0460767793011942,0.007819301921724404,21291.02967,1.0153212095597848,0.007889363814095642,21886.920479999997,1.0437378989990589,0.007867421862795494,21610.441349999997,1.0305532325437217,0.007885167546877564,21958.24226,1.0471390739098052,0.007871359871526188,22237.13452,1.0604388170950327,0.007874532949244055
1000.578,2933.53005,28444.409,25510.87895,25792.60876,1.0110435163975406,0.00779698375315256,24654.608949999998,0.9664351039539545,0.007828282058936993,25618.909229999997,1.0042346749483517,0.00781272395090162,25447.97168,0.9975341002509833,0.007821995443788686,26564.17931,1.04128828183711,0.007774214278397924,25777.027449999998,1.0104327452033948,0.007854135073626619,26493.11942,1.0385028078383791,0.007825614928145994,26135.06883,1.0244675960096625,0.007839010939658697,26539.40053,1.040316979356762,0.00782064517170029,26867.59822,1.0531819884630045,0.00781738966587377
1006.49,2939.38914,33674.63411,30735.24497,31072.254419999997,1.0109649182991365,0.00779450742030234,29682.22027,0.965738854496594,0.00782181574072608,30817.001990000004,1.0026600412679256,0.007800916599961012,30606.59371,0.995814210684653,0.007806261032088932,31888.63817,1.0375267287157073,0.007738270010101687,30929.236230000002,1.0063116874516327,0.007820434072721465,31776.563130000002,1.0338802622532017,0.00778886701759309,31324.60319,1.0191753220309538,0.007796194886997973,31797.193330000002,1.0345514851447108,0.007774552988705689,32173.46288,1.0467937675916952,0.007766659022385135
1012.401,2943.54441,39310.23918,36366.694769999995,36768.63172,1.0110523365552475,0.00779338258620793,35113.609099999994,0.9655430421179296,0.007818003382503335,36410.41783,1.0012022830305731,0.007790276022747537,36161.25691,0.994350933971336,0.007792660558256991,37607.35308,1.0341152342231403,0.007708696454903274,36462.990809999996,1.0026479183937123,0.0077897217868774455,37451.09061,1.0298183776903078,0.00775634326382255,36886.93494,1.014305401502398,0.007757591807987255,37431.61941,1.0292829647218447,0.0077332552504678406,37861.545009999994,1.0411049244220332,0.00772198516537057
1018.313,2925.86283,44947.47614,42021.61331,42478.949590000004,1.0108833584428605,0.007793021011962543,40555.92944,0.9651207139719405,0.007815731592203619,42032.724890000005,1.0002644253545916,0.007780995964566048,41719.45272,0.9928094005394102,0.007781028670498177,43321.31336,1.030929322975106,0.0076843120916448154,41993.007000000005,0.9993192476978701,0.007762191947702446,43132.604830000004,1.0264385736883552,0.007728229383265916,42442.9894,1.0100276038164322,0.007723304403040447,43060.68479,1.0247270725265736,0.00769660130594188,43545.80328,1.0362715719350377,0.007683647993195893
1024.224,2917.67405,50329.47451,47411.80046,47924.52083,1.0108141931971677,0.007792917646003523,45738.32148,0.9647033235657889,0.007813177423317942,47353.2073,0.9987641650510736,0.007772072372110096,46992.974709999995,0.9911662129272363,0.007770407026142705,48736.894009999996,1.0279486021864523,0.007663715752606102,47206.82584,0.9956767172304934,0.007737865650756383,48505.64309,1.0230711050706214,0.0077040481441989425,47676.40935,1.0055810765976552,0.007692961990489809,48361.67239,1.020034504506982,0.007664585171134015,48913.8732,1.0316814110712218,0.0076504761721197054
1030.136,2937.37236,55117.77404,52180.401679999995,52746.83343,1.0108552585216513,0.007793344182859032,50318.35566,0.9643152225730434,0.007811055227868271,52066.88065,0.9978244508216673,0.007764309730747693,51654.270189999996,0.9899170670776638,0.007760971029156907,53494.35345,1.0251809439501427,0.007646276830990748,51815.42119,0.9930054104941878,0.007716269729625972,53226.58575,1.0200493678913358,0.007683655354986593,52302.20818,1.0023343342726068,0.007666184532105242,53030.30057,1.0162877030961177,0.007636617630859684,53613.114799999996,1.0274569201054875,0.0076219895814477
1036.047,2928.83583,58720.56755,55791.731719999996,56398.78314,1.0108806699717907,0.007793364380328398,53833.962490000005,0.9649093302960127,0.007809543106616759,55617.76513,0.9968818571383825,0.007757433746205428,55176.47061999999,0.9889721813424291,0.007752381011377574,57084.16456999999,1.0231653116000465,0.007631371642004158,55261.82561,0.9905020673554387,0.007697475281872763,56772.79481000001,1.0175843814084071,0.007666136237923911,55743.96294,0.999143801804903,0.007643164997357738,56514.46647,1.0129541551717227,0.0076124674170699996,57142.556110000005,1.0242119100511047,0.007597673838798548
1041.958,2938.88494,61099.33343,58160.448489999995,58797.2853,1.0109496543877152,0.007793641821235819,56079.874970000004,0.9642270035046632,0.007809397160614935,57939.70995999999,0.9962046625201325,0.007751485783912453,57465.20417,0.9880460976823531,0.00774550436985791,59436.25779,1.021936029262556,0.007619274818577275,57491.70289,0.9885017117755724,0.007681925806115287,59091.46415,1.016007711153742,0.00765160123730828,57966.89212999999,0.9966720277263116,0.007624041621054768,58768.659369999994,1.0104574654389842,0.00759229278317835,59430.44623,1.0218361063742205,0.007576972605511321
1047.869,2925.88021,61985.08665,59059.206439999994,59729.66057,1.0113522373633845,0.007794114069518487,56927.41706,0.9639041987100564,0.007810030206706783,58803.75919,0.9956747260012795,0.007746909077989578,58314.19298,0.9873853120468715,0.0077406865696565885,60307.787469999996,1.0211411751911783,0.00761060798521291,58282.1164,0.9868421862256231,0.007670077315622964,59939.74668,1.0149094492303172,0.0076401245674986495,58742.97257,0.9946454771565333,0.0076093816225190685,59559.310979999995,1.0084678506560711,0.007576650333554519,60233.02104,1.019875217950863,0.007560824597475124
1053.78,2918.57811,61401.36299,58482.78488,59130.228899999995,1.0110706769749163,0.007795257539541971,56391.194899999995,0.9642358005985572,0.0078112823603305745,58191.238699999994,0.9950148376039509,0.0077435923864292875,57703.66106,0.9866777236822994,0.0077375489786904485,59658.89518,1.0201103675622363,0.007607141407910112,57646.7177,0.9857040463836407,0.007661690208371751,59273.52228,1.013520857490328,0.007633406547498994,58086.15769,0.9932180522727528,0.007599099942728637,58878.10043,1.0067595199307136,0.007566318028429541,59542.93969,1.0181276389654719,0.007550861537554824
1059.691,2942.65772,59336.55247,56393.89475,57021.85713,1.0111352901370587,0.007796814913198205,54419.80065999999,0.9649945424278396,0.007813039060520343,56106.96673,0.9949120729952776,0.007742100033855398,55641.97797,0.9866666988805557,0.00773622385887625,57497.13907999999,1.0195631873785413,0.007607401114713523,55564.95157999999,0.985300834892238,0.007657570233382878,57122.33973,1.0129170893982278,0.007631010225468118,55971.46963,0.9925093820550495,0.00759396378331802,56727.26223,1.0059114108269673,0.007561266318095533,57336.227459999995,1.0167098355979394,0.007546510216480497
1065.601,2928.17516,56152.03665,53223.86149,53822.25847,1.0112430207663987,0.007798449460018305,51374.36409,0.9652505972279465,0.007816257622817055,52938.88794,0.994645755831648,0.007742209196219035,52524.63906,0.9868626136769243,0.007737012611914488,54277.974650000004,1.0198052739972288,0.007611225021523908,52425.23085,0.9849948760266097,0.007657546248978618,53883.55508,1.0123946961293657,0.007632506470261178,52806.13886,0.9921515910663775,0.0075940275134937976,53513.70465,1.0054457371540855,0.0075613903796701975,54097.918020000005,1.016422268237043,0.0075473076619976265
1071.512,2910.87616,52125.41303,49214.53687,49799.87452,1.0118935925689225,0.0078001773804719805,47511.60168,0.965397719895276,0.007820611877893159,48960.58406,0.9948398821537056,0.007743772726364984,48580.37554,0.9871143493298508,0.007739593843409792,50293.50453,1.0219237592918955,0.007618284431620144,48498.17652,0.9854441310320106,0.0076620555716698634,49893.6872,1.0137997911428887,0.007637795000838573,48865.88463,0.992915665529456,0.007599409472153217,49541.88178,1.0066513865784144,0.007567197551809143,50102.47911,1.018042275646025,0.007554019725632362
1077.422,2935.99886,47863.30064,44927.30178,45479.67628,1.0122948514180723,0.0078024940855175055,43419.00296,0.9664280123612622,0.007824998903082752,44726.87857,0.9955389439815141,0.007746974335665775,44378.67162,0.9877884907781346,0.0077443762400937035,45979.019870000004,1.0234093312603114,0.00762928624749846,44333.71155,0.9867877614171736,0.007671130223690653,45617.16739,1.0153551533848646,0.007648142834392702,44677.45005,0.9944387550531417,0.00761017560709967,45297.62541,1.008242730262623,0.007579051707468403,45830.34535,1.0201001069332414,0.007567147648748452
1083.332,2927.06246,43575.47188,40648.409419999996,41153.828219999996,1.0124339133366267,0.007804860332439123,39307.39716,0.967009477636776,0.007828865638969552,40498.12793,0.9963028937135717,0.00775150707126563,40191.14195,0.988750667577782,0.007750581117155268,41686.12102,1.0255289595535668,0.007643660341561632,40180.14336,0.9884800889707237,0.007684525522344448,41355.67645,1.017399623751379,0.007663071390041766,40515.50573,0.9967304085966373,0.0076263918475786,41078.19197,1.010573170171538,0.007596677218724846,41566.64303,1.0225896565967034,0.0075868400494679975
1089.242,2925.86283,39417.31237,36491.44954,36962.965950000005,1.0129212847377618,0.0078070414364225,35311.625830000004,0.967668488786483,0.007832397281465816,36384.95615,0.9970816892356312,0.00775770852123403,36115.261020000005,0.9896910502393818,0.0077580467384607416,37504.9694,1.0277741737523753,0.007659484750809091,36159.651150000005,0.9909075031498462,0.007702277473192356,37215.0463,1.0198292139424834,0.007682320318753309,36475.96591,0.9995756915607578,0.00764767409340154,36998.09132,1.0138838491314148,0.00761949012857681,37448.17568,1.0262178168327154,0.007611556043388183
1095.152,2932.41734,35732.9847,32800.56736,33232.69428,1.0131743733349863,0.007808149836678125,31751.881419999998,0.9680284207132689,0.00783576050028455,32731.549980000003,0.9978958479820638,0.007764579500271764,32503.71232,0.9909496980115651,0.007766537773133589,33799.26715,1.0304476376593992,0.007675073554241531,32599.997539999997,0.9938851722350206,0.007723826721799968,33559.80679,1.02314714320844,0.00770396893571549,32901.60992,1.0030805125683047,0.007672974412635476,33384.91519,1.0178151744628847,0.0076465516657218575,33802.06502,1.0305329370985612,0.007639679822727871
1101.062,2934.43412,32766.08179,29831.64767,30227.930480000003,1.0132839732616754,0.007808357083597802,28887.09919,0.9683373680713628,0.007838098487297076,29801.545,0.9989909149392954,0.007772175814150227,29599.239240000003,0.9922093331025187,0.007775994369208887,30818.15159,1.0330690389921733,0.007691373629669323,29753.404609999998,0.9973771794013683,0.007748067533008045,30631.275630000004,1.0268046863802345,0.007727448814989929,30051.34235,1.0073644835991051,0.007701448608930908,30498.37485,1.0223496599106892,0.007676696282562028,30885.24987,1.0353182704373232,0.007670801517355464
1106.972,2931.89576,30692.92665,27761.03089,28128.13121,1.013223583859497,0.007807959101914514,26881.10981,0.9683037318215383,0.00784011048854189,27767.31078,1.0002262124207448,0.007781075866311244,27581.45682,0.9935314336592346,0.007786821952910069,28723.61235,1.0346738369988535,0.007709561847735511,27788.76137,1.0009988995044845,0.007775803792775366,28602.22925,1.0303014093148468,0.007753901658223723,28084.37677,1.0116474738017194,0.007733617571829528,28502.86003,1.0267219593875823,0.007711258778621645,28865.30288,1.039777773180526,0.007706000434863049
1112.882,2934.5906,29529.60433,26595.01373,26938.09157,1.012900081326636,0.007807157320660409,25752.09144,0.9683052508053734,0.00784300357397197,26622.21573,1.0010228233110223,0.007793353526971607,26454.03731,0.9946991409205037,0.007801173573641117,27567.618590000002,1.036570947842861,0.007734488996658505,26724.57281,1.0048715552966176,0.007808947910295367,27497.61828,1.033938863847317,0.007785965673286023,27022.9902,1.016092357550364,0.007772266551234211,27443.129960000002,1.0318900467061352,0.007753325697660463,27781.62965,1.0446179848616306,0.007749241094704234
1118.791,2924.159,29241.84834,26317.68934,26646.21419,1.0124830430877028,0.007806955475347549,25487.34576,0.9684492217659105,0.00784910469673403,26380.18299,1.0023745872668623,0.007812657933283167,26218.62403,0.9962357899768414,0.007822958411678797,27336.83735,1.038724828644094,0.007773784378761307,26545.11961,1.008641726371256,0.007852872698222078,27296.64937,1.0371977956481189,0.007828683982051405,26857.80515,1.0205229191294953,0.007823544370960975,27274.51611,1.0363567924842751,0.0078106338483986985,27620.64423,1.049508711542531,0.007808948840218039
1124.701,2916.97861,29466.39457,26549.41596,26869.934419999998,1.0120725239486585,0.007807888093958547,25719.716699999997,0.9687488696079023,0.007859847455896301,26663.889689999996,1.0043117230967515,0.007841727038174567,26507.5377,0.9984226297081981,0.007855932228190022,27680.91356,1.0426185495645082,0.007837638393721412,26907.443509999997,1.0134853267785404,0.007912497952006256,27664.701889999997,1.0420079270926454,0.007888925013265408,27244.98975,1.0261992124816595,0.007894463278287267,27685.930650000002,1.042807521329746,0.00789205097575501,28032.228819999997,1.055851053832372,0.007894881566037128
1130.61,2924.12423,29416.51267,26492.38844,26815.41604,1.0121932229980546,0.007811006378420682,25702.10951,0.9701695854343286,0.007875812695413882,26707.76902,1.008129904198249,0.007878900760164287,26558.909,1.002510931022722,0.007899563943633179,27848.68325,1.0511956410827863,0.007930311517379126,27043.11538,1.0207881196233888,0.007986513843071643,27807.932249999998,1.0496574256783018,0.007966674905413506,27419.108089999998,1.034980600261801,0.007985083271428186,27899.58787,1.053117122043829,0.007996421793095197,28269.45281,1.0670782996416008,0.008008006754938454
1136.519,2916.90907,27886.36847,24969.4594,25293.839809999998,1.0129910866232048,0.007816153679818152,24302.84706,0.9733028925728364,0.007894076612834554,25350.67245,1.015267172744637,0.007916552201918996,25229.377819999998,1.0104094532379022,0.00794648380730813,26651.63814,1.067369449736665,0.008037717419474712,25805.56054,1.0334849516205384,0.008061096410929475,26539.70709,1.0628867315405315,0.008048373049864445,26219.28665,1.0500542374577801,0.008080139877937646,26748.858559999997,1.0712630230192328,0.008104322377354117,27140.65569,1.0869540767871009,0.008128433499475788
1142.428,2931.2351,24957.61666,22026.38156,22337.63289,1.0141308425604154,0.007822391597685741,21533.531880000002,0.977624573575216,0.00791116594489808,22580.32595,1.025149132575001,0.007948958543333794,22503.55831,1.0216638737824535,0.007988274852176697,24076.29015,1.0930660619138026,0.008139814671819776,23152.62337,1.0511314946094124,0.008124713200031011,23851.16042,1.0828451488969848,0.008120840911309784,23619.56486,1.0723306865297033,0.008163965085425244,24191.189270000003,1.0982824938405362,0.008198794450532038,24592.91403,1.116520839476459,0.008236091921447685
1148.337,2922.12485,22719.48633,19797.36148,20115.21126,1.0160551586796607,0.007828670936432202,19443.10384,0.9821058154462713,0.007925983732774611,20464.08666,1.0336774767018095,0.007974469410650352,20440.90168,1.0325063620548691,0.008022043583318688,22207.6744,1.1217491998837816,0.008226338110188958,21138.17526,1.0677268928667356,0.008173333832775308,21829.16174,1.1026298510562933,0.008178003706237906,21671.40183,1.0946611169318305,0.008229879861869,22253.46793,1.1240623126713751,0.008272457024124968,22701.15926,1.1466759993716091,0.008321909367055805
1154.246,2922.15962,22483.4459,19561.28628,19905.05859,1.0175741157856006,0.007834771486496899,19250.155430000003,0.9840945607795687,0.007937181631142492,20244.05283,1.0349039700266582,0.007991544970897787,20277.449920000003,1.0366112754421588,0.008045304501187274,22250.751510000002,1.1374891810028764,0.00828949281874251,20971.85901,1.0721104282105522,0.008203962723173485,21711.85896,1.1099402487759102,0.008215353506533421,21579.428470000003,1.1031702190291752,0.00827279908929727,22153.59489,1.1325224002600713,0.008319810304543596,22660.104140000003,1.1584158534179994,0.008379417775829614
1160.154,2925.88021,23643.70064,20717.82043,21093.79537,1.0181474176431984,0.007839090012024149,20370.23948,0.9832230928357362,0.007942410730939738,21371.174740000002,1.0315358612266918,0.007996595068546527,21413.24518,1.03356650147392,0.008053674505515052,23507.58003,1.1346550719186825,0.008321156656034959,22085.08376,1.065994554524672,0.008211248477208832,22885.16382,1.1046125193199197,0.008227416160256424,22733.915230000002,1.0973121090035436,0.008286623992311557,23296.467790000002,1.124465185356373,0.008333565633188201,23851.206140000002,1.1512410883464734,0.008400077803995655
1166.063,2919.8299,25119.55067,22199.72077,22594.30995,1.0177745109539051,0.007841528136570321,21790.33509,0.9815589716536782,0.007940404168095761,22805.06306,1.0272680136958316,0.007987454271777697,22834.34961,1.0285872442529826,0.008044363880085274,24950.61445,1.1239156883323267,0.008312445275683273,23472.17723,1.0573185795075206,0.00819115884832812,24312.79668,1.0951847967770632,0.00820866067337471,24121.801789999998,1.0865813151396677,0.008265097288722136,24675.170599999998,1.1115081516405938,0.008305952859286012,25239.85461,1.1369446882461847,0.008374876352635003
1171.971,2940.95388,26682.22011,23741.266229999997,24162.266779999998,1.017732859988235,0.007841208123485592,23262.88595,0.979850262603285,0.00793172780977563,24299.080869999998,1.0234955724179164,0.007965870642535872,24294.18192,1.0232892249572318,0.008018558055597395,26365.52129,1.1105355979995681,0.008261676183850096,24890.37125,1.0484011681966638,0.008146154572734971,25745.096719999998,1.084402848213206,0.00816073113409846,25505.17883,1.074297326137183,0.008209780645811675,26050.83239,1.0972806647137288,0.008240077800557497,26623.95843,1.1214211648221764,0.008305520870837241
1177.88,2915.51819,28052.74185,25137.22366,25562.35813,1.0169125467374707,0.007838733647075472,24579.76785,0.9778234932568524,0.007919269451307427,25635.23152,1.0198115697555121,0.00794083416479249,25586.83136,1.017886131980257,0.007984595200570186,27578.5681,1.0971206873527894,0.008185313156342185,26144.05296,1.040053321465335,0.00809031223673852,27000.09967,1.0741082641105004,0.008097724816764554,26713.79822,1.0627187226928625,0.008136848821999384,27251.05771,1.0840917866901774,0.008156470252151158,27813.75671,1.1064768761340609,0.00821385133761073
1183.788,2925.51511,28986.12045,26060.60534,26486.56058,1.016344794544976,0.007835575648519126,25432.2811,0.9758898831472808,0.007907193041670733,26501.64632,1.016923665979587,0.007918368833333172,26408.43535,1.0133469658690593,0.007951537636344293,28272.65239,1.0848808775214736,0.00810540897341205,26921.12575,1.0330199701339708,0.008037495309896862,27764.903,1.0653974701571534,0.008035704889798788,27431.67633,1.052610865024519,0.008064695087624255,27950.77397,1.0725297285055313,0.008075525536529148,28476.59543,1.0927065990401896,0.008123051870442913
1189.696,2922.12485,29445.59197,26523.46712,26941.59815,1.015764569093032,0.007832826931924296,25849.90449,0.9746050308222298,0.007896304735758768,26901.56347,1.0142551631085552,0.007900018234330942,26774.24061,1.0094547778714384,0.007923042906677962,28487.44307,1.0740467277944619,0.008033227510161141,27243.68313,1.0271539164446915,0.00799219306545295,28062.95302,1.058042407994208,0.007981047155063755,27690.17011,1.0439875746530982,0.00800093245106733,28184.48935,1.0626246268063313,0.008005100421264677,28675.53302,1.0811381819074941,0.008043165759779425
1195.604,2916.26579,29716.60472,26800.338929999998,27211.111859999997,1.0153271542972984,0.00783084115207572,26085.418589999997,0.9733242052696682,0.007888243003874591,27131.98147,1.0123745651450984,0.007886029791608563,26968.46431,1.0062732557390086,0.00790064458966754,28562.1592,1.0657387309392508,0.007976170460608329,27383.68984,1.0217665497262427,0.007956523353905847,28175.928549999997,1.0513273217772698,0.00793791201222106,27774.800789999998,1.0363600573315586,0.007950374356331526,28262.208789999997,1.0545466930033336,0.007949824434870032,28724.3958,1.0717922588600637,0.00797978798857247
1201.512,2923.55049,30010.10696,27086.55647,27500.4331,1.0152797802281879,0.00783099795304169,26349.33991,0.9727829352979397,0.007884054083004507,27393.179979999997,1.0113201362579847,0.007877222486097235,27195.909,1.0040371514231097,0.007886374701191667,28700.302099999997,1.0595773638405206,0.007939048122962394,27584.358389999998,1.0183781914305476,0.007932625665056658,28357.38192,1.046917202317966,0.0079093963551893,27932.05592,1.031214726424765,0.007916104783554784,28413.06481,1.0489729412990976,0.007912650538303522,28859.091709999997,1.0654396671634205,0.00793671353431222
1207.42,2907.24251,30374.58061,27467.3381,27886.99849,1.015278524204717,0.007833392362603536,26702.26121,0.9721459397625429,0.007883930119317458,27762.74891,1.0107549850271074,0.00787373403908533,27553.4136,1.0031337401420781,0.007880153933980966,29008.09707,1.0560942223229122,0.007922563629656817,27919.9167,1.016476973427578,0.007919990863129497,28685.19348,1.0443383110356805,0.00789485218206258,28241.11248,1.028170708686183,0.007898104093866981,28726.08114,1.045826903044529,0.007893405291173362,29155.36806,1.0614558991429897,0.007915152766620725
1213.327,2924.29809,30860.79414,27936.49605,28381.51499,1.015929662016436,0.00783776694060108,27178.8814,0.9728808276942089,0.007886430587811112,28241.22421,1.0109078876411202,0.007874364992758261,28028.16874,1.0032814670041628,0.007880661664973792,29526.78057,1.0569249814706092,0.007923577117255049,28390.286369999998,1.0162436376841182,0.007916123253290486,29173.39814,1.0442754913782395,0.007891791035143616,28718.24064,1.0279829148437531,0.007893362362310447,29213.97874,1.045728093019024,0.007888862354053295,29655.484959999998,1.0615320155728691,0.00791078826361391
1219.235,2934.34719,31318.03158,28383.68439,28867.76616,1.0170549306900605,0.007843096754655745,27651.44596,0.9742021359898585,0.007890942280872473,28721.05853,1.01188619966895,0.00787690353346344,28529.555529999998,1.0051392602170912,0.007885583462410951,30150.303659999998,1.0622406607164223,0.00793668500305348,28909.029309999998,1.018508693684076,0.00791860970907803,29734.20807,1.047580985662165,0.007897184389968118,29272.82111,1.0313256273492548,0.007898381982062015,29786.46114,1.0494219401091642,0.007894625525458108,30250.57724,1.0657734501394658,0.007918871715249989
1225.142,2910.11118,31381.13773,28471.02655,28998.28294,1.0185190509051034,0.007849033739953076,27781.5356,0.9757827154988903,0.007895996456439992,28863.48658,1.0137845409019859,0.007880603831867389,28692.81976,1.007790137444131,0.007893271109240416,30446.69092,1.0693921017048822,0.007957781246706245,29086.83324,1.0216292408325545,0.00792496388348666,29947.746180000002,1.0518674529492862,0.00790795704543424,29499.43121,1.0361210951840443,0.007909709170455042,30024.999369999998,1.0545808496673261,0.00790707477974188,30530.411099999998,1.0723326412689533,0.007934635612429105
1231.049,2915.95284,30322.63494,27406.682099999998,27947.60581,1.0197369279515962,0.007854856690138834,26769.93462,0.9767667068316891,0.007901658590721186,27812.92957,1.014822935097277,0.007884215969780964,27678.23625,1.0099083190372762,0.007901702239121332,29462.15578,1.0749989974160354,0.007982463701089995,28055.319519999997,1.0236671267843838,0.007933118164804479,28919.38605,1.0551947128981367,0.007921657664514175,28493.188459999998,1.0396438487532207,0.00792437425447475,29006.895340000003,1.0583877039242195,0.007923019754675915,29517.378190000003,1.0770139224550646,0.007954041513390808
1236.957,2915.72682,27176.4504,24260.72358,24749.98766,1.020166920347064,0.007860284295626588,23708.17594,0.9772246018063736,0.007906977852226703,24616.35921,1.0146589044975218,0.007888192490714449,24519.5795,1.01066975266201,0.007910248258157438,26154.3909,1.078054857422352,0.008007359690210394,24843.17938,1.024008179231726,0.007941620451883326,25627.68438,1.0563446014086277,0.007936054435978383,25254.4027,1.0409583463874574,0.007939603799399472,25714.46628,1.0599216546533028,0.007939447732067222,26187.771240000002,1.0794307578521118,0.007974633164455437
1242.864,2939.47607,23386.17731,20446.70124,20869.35278,1.0206708913598819,0.007864643822963799,19979.5414,0.9771523125165006,0.007911499120720762,20746.24334,1.014649898606334,0.0078915646962739,20669.658209999998,1.010904300277241,0.00791750005305175,22070.15552,1.0793993251500162,0.008028375265517064,20939.603909999998,1.0241067086673,0.0079481056809707,21610.90957,1.0569386873870126,0.007947585012525484,21297.103,1.041591147149759,0.00795195195475717,21685.43618,1.0605836083512903,0.007952931338962464,22089.30421,1.080335842477444,0.00799184812170401
1248.77,2901.78335,21658.38857,18756.605219999998,19142.35516,1.020566085145764,0.007867641652526505,18325.97049,0.9770409023941702,0.007915230105543508,19019.29926,1.0140054149948143,0.007893598110435166,18956.6448,1.010665020543627,0.007922973171465744,20243.73721,1.0792857754672092,0.008044820309474765,19203.54421,1.0238283519196445,0.007952824075385221,19827.299669999997,1.057083594682599,0.007956720668105521,19536.971019999997,1.0416048528423418,0.007961264147692946,19895.09022,1.0606978174699782,0.007963211892247496,20253.262359999997,1.0797936045699852,0.008004953213686668
1254.677,2926.69735,22279.00082,19352.303470000003,19755.95823,1.0208582280980527,0.007869798857668418,18916.47748,0.9774793739321203,0.007918868485361556,19632.645050000003,1.0144862124777336,0.007895745513488322,19563.541110000002,1.0109153745096784,0.00792814816524744,20906.625740000003,1.0803171711527528,0.008060074461330686,19814.992970000003,1.0239087559120423,0.007957246898216627,20468.31956,1.0576683851475381,0.007964918112112016,20163.82569,1.041934140876719,0.007969711950359379,20533.75143,1.0610494746442707,0.007972775686742184,20919.65043,1.0809902016279203,0.008016971808707269
1260.584,2923.70697,23802.53857,20878.8316,21317.571490000002,1.021013622716321,0.007871965246486503,20421.8109,0.9781108105685377,0.00792273570867221,21190.35887,1.014920723341626,0.007899119891635307,21121.382560000002,1.0116170753539677,0.007934548193802737,22590.620740000002,1.081986826312637,0.008078156038428378,21387.343090000002,1.0243553614369878,0.007964559601983548,22096.22496,1.0583075424584583,0.007976011637893143,21769.04899,1.0426373183641175,0.007981468369666785,22173.26248,1.0619972853270199,0.007986139615109843,22591.747900000002,1.0820408120921863,0.008032592055922012
1266.49,2913.25803,24747.98937,21834.73134,22298.52824,1.021241246012052,0.007874515036273991,21376.38066,0.9790081832076254,0.007928552992577576,22175.66616,1.0156143354681644,0.007905016034318237,22111.57637,1.0126791131839041,0.00794433965094292,23687.27316,1.0848438110436582,0.008103806742996563,22399.88064,1.0258830434503527,0.007976460331161705,23152.80859,1.060366085090562,0.007992498768253567,22809.688179999997,1.0446516526729108,0.007999326650397024,23235.84204,1.0641689003717323,0.008006248092796112,23684.49041,1.0847163650056617,0.008056253468190895
1272.397,2920.43841,24722.31192,21801.87351,22274.88237,1.0216957895743703,0.007877816222935364,21363.92002,0.9799121167362465,0.007935777954473956,22167.17053,1.0167553040720305,0.007914015883381023,22118.67629,1.0145309888095024,0.007957707193359417,23749.472990000002,1.089331748443852,0.008138682529918785,22404.79257,1.0276544609674694,0.007993961708962475,23171.479290000003,1.0628205543606972,0.008015161378845378,22834.90231,1.0473825701046369,0.008024532622140656,23269.29825,1.0673072770249274,0.0080346682734557,23728.5259,1.0883709553271324,0.008089657529217474
1278.303,2915.55296,23873.76425,20958.21129,21422.10288,1.0221341212559174,0.007881726542402705,20550.94816,0.9805678488319124,0.007943995916992626,21329.07487,1.01769538320176,0.007925168977873414,21301.647419999998,1.016386709974809,0.007974816765287673,22950.168719999998,1.0950442479292324,0.008182892709641782,21599.55027,1.0306008452308146,0.008017535104512155,22355.381699999998,1.0666645827101975,0.008045162635366922,22042.33701,1.0517279697679773,0.00805841662094413,22475.27944,1.0723853829417138,0.008072887119625609,22932.29016,1.0941911903971457,0.00813317695578925
1284.209,2918.49118,22551.95143,19633.46025,20084.75971,1.0229862415617745,0.007886058217879358,19283.61954,0.9821814033010304,0.007952487550526579,20025.25813,1.0199556204057305,0.007938553763252908,20019.2719,1.0196507210184715,0.007994655965839679,21665.53601,1.1035006429903256,0.008234483832785352,20317.4045,1.0348356449291713,0.008046227135608038,21052.49177,1.0722761806594943,0.008080838948467341,20771.228329999998,1.0579504613813553,0.00809914814904764,21191.131279999998,1.079337570156539,0.008118856453212945,21649.714819999997,1.102694815092515,0.008185400335699687
1290.115,2922.73335,20910.98967,17988.25632,18412.12701,1.0235637452824555,0.007890932416446178,17687.617560000002,0.9832869426223521,0.007960542714451251,18385.8696,1.022104047936982,0.007953341414710869,18394.896200000003,1.0226058531058335,0.008016389745265142,20003.929490000002,1.112054950415561,0.008292264714588077,18700.70774,1.0396064747647538,0.008078231884883061,19394.32557,1.0781659558873797,0.00812101412815517,19152.008660000003,1.0646951165970489,0.008145263806138557,19556.897070000003,1.0872036022888962,0.008171685993066388,19991.40953,1.1113589429884219,0.008245289017482098
1296.021,2907.15558,19094.13927,16186.98369,16582.09201,1.024409014524682,0.007895436588442986,15937.44307,0.9845838715366001,0.007967352877002485,16583.92854,1.0245224717342012,0.007968370693610196,16611.06408,1.0261988519987197,0.008038071424817439,18159.47952,1.1218569109462049,0.008352238991322486,16918.00441,1.045161021596112,0.008112516257886076,17572.22809,1.0855776731804443,0.008162945385370948,17368.213060000002,1.0729740260830523,0.008194981907377741,17752.16599,1.09669388256485,0.008227944967707543,18163.642740000003,1.122114106485518,0.008309372545760396
1301.927,2923.93298,17247.93588,14324.002900000001,14681.34414,1.0249470237122054,0.007899307893204236,14115.61586,0.9854518990637735,0.00797202181772152,14710.25249,1.0269651990924966,0.007983476862011289,14744.25267,1.0293388498266778,0.008058927130283092,16192.736330000002,1.130461676323732,0.008410368291620523,15043.38672,1.0502222615439432,0.008145883399615384,15634.59429,1.0914961689933753,0.008204346374728803,15469.20655,1.0799499733415998,0.008244052928916067,15826.162580000002,1.1048701044314924,0.008284090528143046,16206.027370000002,1.1313895622012196,0.008373170101681874
1307.833,2919.25617,15386.65086,12467.39469,12787.3989,1.0256672879905433,0.00790067303155518,12292.50133,0.9859719400605581,0.007971849105517351,12827.96669,1.028921198772123,0.007994706225811686,12867.514019999999,1.0320932592533492,0.008073989574050745,14202.03989,1.139134537979402,0.00845652910154235,13149.81597,1.0547364783876911,0.008172354860238734,13685.956289999998,1.0977398751141967,0.008237336260766672,13550.767779999998,1.0868965102122712,0.008284921664552792,13881.69369,1.1134398192378074,0.008331775457827576,14229.1433,1.1413084813471963,0.008426157239052125
1313.738,2918.78675,13641.03508,10722.248329999999,10998.730370000001,1.0257858269544484,0.007898931052429801,10569.987679999998,0.9857995594474354,0.007964756967701147,11046.91371,1.0302795990176439,0.00799932841413331,11085.717489999999,1.0338985955942694,0.008079171664379447,12284.30173,1.145683382059852,0.008479525394206358,11350.17599,1.0585630588542805,0.008185275514546338,11814.07313,1.1018279717459223,0.008254808644754192,11718.64,1.0929274942469087,0.008308816555138133,12006.52302,1.1197766224464978,0.008360954987110815,12319.080750000001,1.1489270133328466,0.008457794139149275
1319.644,2930.81783,12028.86888,9098.05105,9331.41133,1.025649480170811,0.007893044606075088,8957.97916,0.9846041872891008,0.00794923248013278,9382.71877,1.0312888681801802,0.007994465430748506,9416.63294,1.0350164983961043,0.008070583184170336,10459.68673,1.149662347739849,0.008471546133254336,9650.14377,1.0606825260669428,0.00817905701607398,10054.9723,1.105178707477136,0.008250128870564845,9977.65179,1.0966801279929068,0.008307906147491476,10233.0234,1.124748953788295,0.008363873684622734,10503.49084,1.1544770173607677,0.008458628788322098
1325.549,2911.48466,10588.48474,7677.00008,7862.982029999999,1.0242258627148535,0.007883499097607122,7539.060449999999,0.9820320921502451,0.007926007820549122,7907.77463,1.0300605116054655,0.00798068989641486,7931.151459999999,1.0331055591183476,0.00804870403111509,8804.54556,1.146873188517669,0.008429732332752309,8127.6447499999995,1.0587006207247558,0.008153042276680665,8467.46779,1.1029657029780833,0.008222516019640561,8409.29996,1.0953888071341535,0.008281509367424288,8627.4927,1.1238104220522558,0.008337849264791197,8849.77916,1.1527652817218677,0.008425606278639353
1331.454,2932.5912,9482.32991,6549.7387100000005,6693.71462,1.021981931856332,0.007870223180802516,6400.114710000001,0.9771557299268203,0.007897214224028067,6721.75702,1.026263385093113,0.007958624543193259,6728.11994,1.0272348620148237,0.008015637838935854,7425.19114,1.1336621915410727,0.008357898347340532,6885.444979999999,1.0512549102893907,0.008110261618202545,7168.1650500000005,1.0944200016797312,0.008174378346907419,7116.84356,1.0865843471181769,0.0082320623424815,7299.143999999999,1.1144175856749556,0.008285658258880797,7474.91808,1.1412543936428268,0.00836180020617484
1337.359,2939.3196,8675.01739,5735.697790000001,5845.04196,1.0190637955491024,0.007855669695234133,5570.296450000001,0.9711628216730016,0.00786494059775908,5851.25175,1.020146451962909,0.007931067481252477,5841.9631500000005,1.0185270151759511,0.00797435926789203,6391.630029999999,1.1143596235393702,0.008263894554392399,5962.572290000001,1.0395548211057333,0.008054449205877752,6201.57535,1.0812242166615265,0.008111328548779804,6149.47123,1.0721400351185517,0.008164421770130268,6305.917780000001,1.0994159753315733,0.008214343052936973,6440.631179999999,1.1229028124928455,0.008275103925751403
1343.264,2911.05002,8140.6219,5229.5718799999995,5314.70499,1.0162791738890873,0.007838885520003348,5048.49265,0.965373985833808,0.00783128634230156,5305.762049999999,1.014569102738865,0.007898203366551846,5280.79473,1.0097948457685222,0.00792665429891328,5706.3706,1.0911735665826627,0.008152945846152417,5369.562479999999,1.0267690363976791,0.007988783855038515,5573.72344,1.065808744558264,0.008036228471132077,5521.21911,1.055768853874134,0.008083018817423559,5651.068579999999,1.0805987009399323,0.008126714220975004,5753.495349999999,1.1001847726777971,0.008169672434331508
1349.169,2921.15123,7904.00058,4982.84935,5050.6759999999995,1.013612021001598,0.007823241137391183,4788.91503,0.9610796340852649,0.007798274456316515,5028.02087,1.0090653994987828,0.007864029927519946,4995.586520000001,1.0025562021055283,0.007876099670645207,5339.81849,1.071639561007398,0.008032557923734522,5063.412920000001,1.0161681729350296,0.007919125469845772,5246.735130000001,1.0529588116084627,0.007955490748774085,5190.13543,1.041599909096188,0.007993555780190528,5305.56071,1.0647644223881663,0.008030214310519508,5386.532930000001,1.081014606632649,0.008054353865747968
1355.074,2932.48689,7817.55358,4885.06669,4946.47421,1.0125704568426273,0.007809070354572906,4679.39922,0.9578987385328819,0.007768709011588003,4911.84669,1.0054820131841435,0.007831202955824224,4870.5368499999995,0.9970256618953138,0.007828573539947379,5165.26301,1.057357726676194,0.007914666390966638,4925.34972,1.0082461576384334,0.00785048592330163,5095.97747,1.0431745958415974,0.007875786527091784,5036.33011,1.0309644534248927,0.007905099855435402,5145.270939999999,1.0532652400698341,0.00793339382040882,5212.3804199999995,1.0670029194627024,0.007939023383358073
1360.978,2917.69143,7775.96503,4858.2736,4908.84104,1.0104085204258566,0.007797081267461998,4642.1280400000005,0.9555098008477744,0.0077449569116515285,4866.60875,1.001715660888263,0.007803017479938729,4821.36555,0.9924030523929324,0.007788052748531751,5078.91358,1.0454153055521616,0.007811510762223846,4865.47767,1.0014828456758795,0.0077913559384004,5029.84504,1.035315310360454,0.007806083865749674,4965.68943,1.0221098766442467,0.007827396591780797,5067.29032,1.0430228384008673,0.007847514331564932,5124.745,1.0548489899786622,0.007836898936021297
1366.883,2931.4785,7792.33949,4860.86099,4909.56632,1.0100198977300932,0.007788275589208875,4634.79712,0.9534930395119158,0.007727922312357968,4857.502579999999,0.9993090915360654,0.007780776955681829,4802.27107,0.987946596267506,0.007757215769049271,5024.94952,1.0337570916628909,0.007732564428110352,4840.9366899999995,0.9959010759532129,0.007745963369505788,4996.27374,1.0278577705222547,0.0077527828762445055,4926.1667,1.0134350087637458,0.007767322990734233,5025.210529999999,1.033810787911464,0.007781117180643953,5073.73953,1.0437944101750583,0.007757772738285173
1372.787,2941.35376,7832.7794,4891.42564,4936.00647,1.009114077015796,0.007782568018118523,4654.66183,0.9515961546948917,0.007716368674347895,4875.39938,0.9967236014243077,0.007765184398049456,4816.98385,0.9847811669891805,0.007734482188213309,5003.39866,1.0228916942096251,0.007674729239138321,4839.44879,0.9893738852789756,0.0077125708171686715,4990.59198,1.0202735045564344,0.007713271310916971,4918.58835,1.0055531274518157,0.0077222729998787975,5009.40177,1.0241189662652217,0.0077315023204187995,5049.28302,1.0322722640837283,0.007698761017209824
1378.692,2917.91745,7907.9853,4990.06785,5030.87184,1.0081770411197915,0.007777604008665941,4743.70287,0.9506289318290532,0.007708158270113187,4964.0365600000005,0.9947833795486368,0.007753170802043561,4901.89826,0.9823309837360227,0.007717354241619378,5077.06935,1.0174349332745043,0.007631826614334569,4921.43949,0.9862470086453833,0.00768737840400805,5071.81453,1.0163818774528284,0.007684150267864985,4994.85299,1.000958932852987,0.007688697476760522,5086.48278,1.0193213665421403,0.007693918337705163,5121.80461,1.0263997933414872,0.007654237976645957
1384.596,2922.78551,8065.05609,5142.27058,5184.864680000001,1.008283130834395,0.007775503700419958,4888.48632,0.9506474317032146,0.0077030537960576335,5114.274380000001,0.9945556734978346,0.007745449837339122,5050.990540000001,0.982249078771736,0.007706082399879848,5229.66784,1.0169958501094665,0.007602193455215288,5069.48688,0.9858459995700966,0.0076696653539117,5225.70083,1.0162243990669195,0.007663556260547048,5146.06371,1.000737637185945,0.007664267698703908,5238.29781,1.0186740912416163,0.007667130615885792,5272.95659,1.025414067184306,0.007622740705351313
1390.5,2924.59365,8229.25214,5304.658490000001,5349.3726799999995,1.008429230662877,0.007774355798211537,5045.215160000001,0.9510914170084491,0.007700584801002053,5278.31678,0.9950342307521477,0.007740635596211616,5210.4953000000005,0.9822489628356829,0.007700573236976574,5396.41745,1.017297807233581,0.007585529076144595,5230.73056,0.9860635835201522,0.007658024165280244,5390.606490000001,1.0162023625388936,0.007650872978110885,5306.415760000001,1.0003312692048532,0.007649710088142658,5402.75033,1.0184916409199416,0.007650381156852885,5438.607370000001,1.0252511787992595,0.007602647556118098
1396.404,2924.26332,8383.31274,5459.049419999999,5503.064979999999,1.008062861610804,0.007773842921964085,5190.46842,0.9508007751283557,0.0077004679199883935,5429.960440000001,0.9946714202854755,0.007738879828596625,5359.289500000001,0.9817257708577405,0.007698463529643398,5552.10744,1.0170465611941648,0.00758060029514663,5380.080389999999,0.9855342892279586,0.007653435134162688,5546.85356,1.0160841445542363,0.007646039165753235,5460.180270000001,1.0002071514494553,0.0076434876909611945,5558.47471,1.01821293092452,0.007643305443841271,5595.14704,1.0249306444271025,0.007594977401949492
1402.307,2926.87121,8545.9922,5619.120990000001,5666.890960000001,1.0085013243325802,0.0077748080073012015,5344.32878,0.9510969401639452,0.007701685973835488,5589.7209,0.9947678489122547,0.007739438405942617,5519.85499,0.9823342476204625,0.007699168595447841,5717.86067,1.0175720864839393,0.007581949395876811,5537.721800000001,0.9855138926275371,0.007652115458511163,5709.9108700000015,1.0161573100421888,0.007645658262411633,5617.60751,0.9997306553813853,0.00764181219927132,5720.4874,1.0180395492783292,0.0076413421259499395,5760.07935,1.0250854822757605,0.007593715245483865
1408.211,2919.76036,8699.63165,5779.871289999999,5831.76031,1.008977539013676,0.0077758654915659675,5498.730100000001,0.9513585725539576,0.007703164592794063,5750.838609999999,0.9949769331282116,0.007740037160786791,5681.7604200000005,0.9830254230453636,0.007699801771968977,5884.482889999999,1.0180992957716883,0.0075848764277120714,5695.520570000001,0.985406124848154,0.007651160689578702,5872.68958,1.016058885283586,0.007645583060809056,5780.4453300000005,1.0000993170905024,0.007640214102785834,5885.004719999999,1.0181895797890683,0.007640371341791673,5923.254209999999,1.0248072859767783,0.007593163093839974
1414.115,2919.06492,8836.05701,5916.992090000001,5968.16435,1.0086483570066762,0.007776919401599618,5629.9890399999995,0.9514951100771201,0.0077046745955784675,5888.25711,0.9951436507666515,0.0077402086120477,5815.79157,0.9828966274653241,0.0077008415190570195,6025.04008,1.0182606277575739,0.007588072451335447,5829.637810000001,0.9852367083357044,0.0076497397804470525,6010.343,1.0157767508524758,0.0076456430856096744,5916.122400000001,0.9998530182250084,0.007638527875655171,6020.6570600000005,1.0175198763870579,0.007639464714662712,6065.06075,1.0250243126486922,0.007592810059417977
1420.018,2935.00786,8974.9076,6039.899740000001,6094.581320000001,1.009053392002166,0.007778371833408501,5748.0635600000005,0.9516819496079914,0.007706337414346,6011.42779,0.9952860227444768,0.007740525230488969,5936.98467,0.9829607982863634,0.007702013005116906,6152.86123,1.0187025438935513,0.0075918146537171625,5949.64717,0.9850572734838144,0.007648464400325185,6136.7044399999995,1.0160275342583747,0.007645734038662197,6036.42122,0.999424076532767,0.007637018489562726,6145.53939,1.0174902986055194,0.007638158153323319,6192.14817,1.025207112129977,0.0075927605383828475
1425.921,2929.14878,9059.1033,6129.954520000001,6186.6160500000005,1.0092433850553266,0.007779754325177397,5835.26131,0.9519257102090211,0.007708598267280208,6099.88385,0.9950944709456016,0.007741349909438785,6024.609270000001,0.982814676739233,0.007703130319099267,6250.997090000001,1.0197460796169169,0.007596077034566702,6037.91473,0.984985240967171,0.007647223616831504,6228.980510000001,1.0161544412241414,0.00764609165954643,6125.502210000001,0.9992736797662244,0.007636060365804637,6238.875840000001,1.0177686995302535,0.007637666353224293,6282.543240000001,1.024892308662675,0.007593294334278019
1431.824,2913.60574,9090.96477,6177.3590300000005,6235.3412,1.009386239284201,0.007780600862464072,5883.29714,0.9523968270952189,0.007710640138164567,6147.636750000001,0.9951885134317666,0.007741990789687593,6073.441879999999,0.9831777383352119,0.007703793057951493,6302.7642399999995,1.0203007805424575,0.0076004470637090794,6083.35558,0.9847825827277519,0.007646486684791827,6277.7917800000005,1.016258201848436,0.0076463719295588725,6169.86329,0.9987865785421249,0.007634623166022419,6286.36523,1.017646084592237,0.007636742851932466,6331.283850000001,1.0249175771154748,0.007594184316596941
1437.728,2925.82805,9139.32976,6213.5017100000005,6271.79523,1.0093817500534652,0.007782104527002928,5916.734280000001,0.9522382959157503,0.007713210114831979,6182.16288,0.9949563335679841,0.007742378990825698,6106.456899999999,0.9827722249069758,0.007704758572326375,6341.26822,1.0205627222721083,0.007605335815028444,6116.474700000001,0.9843844880828077,0.007645727549607507,6313.9663,1.0161687555083974,0.0076470068896878195,6206.197480000001,0.9988244583584416,0.007634019801206423,6319.096320000001,1.0169943801302985,0.007636321149500036,6368.117549999999,1.0248838492715242,0.00759505007890152
1443.63,2918.7172,9119.86915,6201.15195,6261.654750000001,1.0097567033492867,0.007783066274968546,5910.01696,0.953051466510186,0.007715869905524707,6173.3084499999995,0.9955099471478036,0.007742509947613066,6097.79308,0.9833323113457976,0.007705875790885487,6334.95424,1.0215770055433007,0.0076095574479901505,6104.384719999999,0.984395281589576,0.007645898960025797,6303.408909999999,1.016489994250181,0.007647874631030678,6194.0389399999995,0.9988529534419809,0.00763359468838724,6310.17364,1.0175808770497874,0.007636146464770166,6359.838779999999,1.0255898954387013,0.007596058557986106
1449.533,2922.69858,9094.91263,6172.2140500000005,6232.3699400000005,1.00974624170722,0.007783744421808545,5882.884029999999,0.9531237870792895,0.007719019843699987,6144.77015,0.9955536376772286,0.007742898581186648,6071.097309999999,0.9836174281739304,0.007707521185092015,6309.27029,1.0222053608137585,0.007613417852840273,6078.036889999999,0.9847417540550135,0.00764657008377056,6272.94219,1.0163196122467593,0.007649195023947716,6164.700929999999,0.9987827512236065,0.007634258833520544,6279.167939999999,1.0173282859495125,0.00763622295714264,6330.52072,1.0256482793236894,0.007598005753260425
1455.436,2929.9833,9069.38182,6139.398520000001,6200.87703,1.0100137676027585,0.00778517816252938,5855.24798,0.9537168764864606,0.007722379188956854,6111.72812,0.9954929786835208,0.007744002489702561,6039.689120000001,0.9837590930650321,0.0077090406352897005,6279.708839999999,1.0228540824549697,0.007617463108134173,6044.55906,0.9845523206074589,0.007648547197360441,6239.88473,1.0163674356164778,0.0076515784323317486,6135.1027699999995,0.9993002979060559,0.007636521303771472,6244.54542,1.017126580015529,0.007637761670185647,6298.05543,1.0258424191691011,0.007601512236666827
1461.339,2931.66975,9039.17219,6107.502439999999,6168.12986,1.0099267123665694,0.00778642274414669,5826.443490000001,0.9539813609963946,0.007725928564259644,6079.4315400000005,0.9954038659377107,0.007745399957495831,6009.53063,0.9839587767729162,0.007711174412416333,6245.954489999999,1.0226691763712172,0.007621427244663978,6017.18351,0.9852118061536134,0.007651744888497985,6210.32083,1.0168347685506616,0.0076544198824856574,6101.60654,0.9990346463128061,0.007639581367932868,6213.32946,1.0173273807157088,0.0076404883674031756,6267.275189999999,1.0261600796020311,0.007605308606535026
1467.241,2926.22793,8973.48141,6047.25348,6106.8744400000005,1.0098591799065781,0.007787162208377136,5773.00363,0.95464885821191,0.007728929845562783,6019.703329999999,0.9954441879952416,0.007745820813167521,5952.21762,0.9842844590003857,0.007713015468187865,6188.597769999999,1.0233733033462984,0.007623933437174908,5960.114269999999,0.9855902832106848,0.007655625637538385,6152.371459999999,1.0173827639849486,0.007657700326113479,6046.5403799999995,0.9998820786986424,0.007642943209647769,6155.1367199999995,1.0178400393429512,0.007643211786445968,6208.9106,1.0267323208022694,0.00760885070921784
1473.143,2929.14878,8901.40488,5972.2561000000005,6036.0885,1.0106881551847717,0.00778814249432789,5705.30228,0.9553010092785538,0.007732114709699606,5949.453310000001,0.996181880077112,0.007746344264746293,5879.895270000001,0.9845350185167043,0.007714476274728485,6116.1975600000005,1.024101689142232,0.00762554804466153,5892.018970000001,0.9865650218851132,0.007659348883160255,6082.596020000001,1.0184754166854968,0.0076616187512973145,5977.387130000001,1.0008591443357562,0.007646705878385877,6086.213610000001,1.0190811492494436,0.007646248886861869,6140.8591400000005,1.0282310465554214,0.0076126558600585065
1479.046,2921.41202,8820.33284,5898.920819999999,5960.929680000001,1.0105118990222353,0.007789261577104273,5635.27894,0.9553067606694882,0.007735034898233883,5876.5867,0.9962138634028996,0.007747283236925048,5808.5391199999995,0.9846782652695447,0.007715833883091665,6042.190340000001,1.0242874119473266,0.007626499179157222,5823.8117600000005,0.9872673218895658,0.007664005119157052,6009.891750000001,1.018812073154764,0.00766607805241879,5908.52232,1.0016276706016205,0.007650600623009984,6014.17043,1.0195374058267155,0.0076499838229098956,6066.87046,1.0284712484070944,0.007616731691828509
1484.948,2927.44495,8723.89772,5796.452770000001,5856.8992100000005,1.0104281777836344,0.007790491567099513,5539.35748,0.9556460993988223,0.007737836492715694,5772.62158,0.9958886596776323,0.007748010537430313,5709.3719200000005,0.984976872329454,0.0077168704543908095,5935.17241,1.0239318158025807,0.00762728700891794,5726.28043,0.9878939167134797,0.0076682626647574656,5909.72528,1.0195416946354243,0.007670121149777163,5807.65507,1.0019326130039354,0.0076547966028642014,5913.082299999999,1.0201208453907575,0.007653439803830388,5964.18486,1.028937023496182,0.007620471778276753
1490.85,2935.66853,8615.68104,5680.01251,5740.42737,1.010636395587798,0.0077916398133845086,5429.39405,0.955877128869211,0.007739839508808851,5657.432599999999,0.9960246724879132,0.007748152825267977,5594.371120000001,0.9849223237010091,0.007717779297329394,5814.756270000001,1.0237224407099064,0.007627099417299193,5612.41124,0.9880983941706144,0.007672067128517844,5793.412869999999,1.019964808140889,0.007674000606315696,5692.676630000001,1.002229593680948,0.007658603031959603,5794.526140000001,1.0201608059486478,0.007656554354291075,5846.118659999999,1.02924397608413,0.007624071944005417
1496.751,2921.23816,8465.20191,5543.96375,5605.11343,1.0110299566803627,0.00779210360222926,5301.36768,0.9562414039954718,0.007740975547286367,5523.66134,0.9963379251893557,0.007747297132196391,5460.647980000001,0.984971804694791,0.007717814852422204,5675.6205,1.0237477653060052,0.007626239763570496,5481.5946300000005,0.9887500851714625,0.0076749993990005835,5657.702560000001,1.0205157925139754,0.007676322610147606,5559.864560000001,1.0028681302254188,0.007661008069910814,5658.224450000001,1.0206099291323831,0.007658132857462936,5708.58564,1.0296938972589784,0.0076262359418835385
1502.653,2933.13017,8300.48132,5367.35115,5426.62609,1.011043611335174,0.007793186893362427,5133.35269,0.9564033629512017,0.007742076077146433,5346.19486,0.9960583368949131,0.007746740705012365,5286.222109999999,0.984884715433608,0.007717518458037114,5492.997719999999,1.0234094186291498,0.007625649785433691,5308.579389999999,0.9890501369562896,0.007677480288636131,5477.89681,1.0205959433080878,0.007679446879372401,5382.80069,1.0028784291484263,0.007662538471883374,5477.653249999999,1.020550565244832,0.007659469751641817,5526.73085,1.0296942934318727,0.0076281057594041616
1508.555,2933.49528,8077.42723,5143.93195,5200.01033,1.0109018510635623,0.007794412794149228,4919.55612,0.9563804824439794,0.007743694166323752,5121.15579,0.9955722275836094,0.0077466947129789685,5067.26834,0.9850963016724977,0.007717732652018609,5263.2559599999995,1.0231970428768988,0.007626292032156243,5087.45232,0.989020144405293,0.007678793857661411,5251.91187,1.0209917084925666,0.007681691788324846,5161.2618999999995,1.0033690084099964,0.007663517953846278,5250.64175,1.0207447923178687,0.007659916472240243,5298.940820000001,1.0301343158320748,0.007630008442095775
1514.456,2928.19255,7797.94263,4869.75008,4923.8496,1.0111093011163317,0.007795787157893869,4656.85982,0.9562831240818009,0.007745926691287633,4847.40705,0.9954118733748242,0.007746691243654426,4794.594149999999,0.9845667788355987,0.007718289875388734,4983.18585,1.023293961319674,0.0076282588203628755,4817.19851,0.9892085694056809,0.007680056178039492,4970.23985,1.0206355086707037,0.007683500676748503,4884.662769999999,1.0030623111566332,0.007663849622263796,4969.83963,1.0205533237549638,0.007659265982862282,5017.18628,1.0302759274250066,0.007630938852151676
1520.358,2916.61351,7442.96337,4526.34986,4578.38291,1.0114955873075175,0.007797299948709997,4328.3590699999995,0.9562581779747797,0.007748170774672837,4506.9461,0.9957131550586767,0.007746607808616348,4455.79993,0.9844135048809506,0.007719237767059528,4633.77404,1.023733070425979,0.007631041483405885,4478.84099,0.9895039333084164,0.007679667635049533,4624.65534,1.0217184890785265,0.007684703937293823,4540.06296,1.0030296155675424,0.007663332798872649,4620.42663,1.0207842462270469,0.007658786866733262,4663.21827,1.0302381420423388,0.007631625921706344
1526.259,2933.2171,7090.50232,4157.28522,4205.26596,1.0115413635247283,0.007798469902192089,3978.7088300000005,0.9570449510798782,0.0077496360714772086,4140.0211500000005,0.995847273139465,0.007746520898040079,4095.62522,0.9851682055146556,0.007719144040703304,4259.28533,1.0245352687155778,0.0076334677315990805,4111.87996,0.9890781465314041,0.007679021375559324,4247.20758,1.021630067517956,0.00768537819304068,4169.049840000001,1.002829880409312,0.007662410020928682,4242.66536,1.0205374746936415,0.00765761379055657,4285.05927,1.0307349732429472,0.007631868326258387
1532.16,2942.25784,6699.93285,3757.67501,3802.3327,1.011884393908775,0.007801069604792249,3599.1280499999993,0.9578071654472321,0.007750237821128174,3742.7252899999994,0.9960215505704415,0.007748031994289877,3702.88839,0.9854200749521445,0.007720182180008533,3853.76037,1.0255704284549079,0.007637345214879779,3717.22898,0.9892364214860614,0.007679371751059112,3839.01952,1.0216475639281002,0.007686839179650736,3767.1947899999996,1.0025334229209992,0.007662137595847407,3831.15309,1.019554133820636,0.007657832382717364,3870.8680999999997,1.0301231718279968,0.007633460187143938
1538.061,2918.10869,6275.68691,3357.5782200000003,3399.2244600000004,1.0124036544411465,0.007803154628738923,3217.16911,0.9581814329257828,0.007752684126831784,3345.03043,0.9962628450693248,0.007750003502027835,3309.9628199999997,0.9858185284511404,0.00772168437047936,3446.0918599999995,1.0263623463699973,0.0076404265508632566,3318.62964,0.9883997996627462,0.0076805110944770764,3430.21993,1.0216351504686614,0.007689738504426921,3365.6185699999996,1.0023946873231742,0.007662661568153729,3425.27736,1.0201630864760611,0.007657605606333309,3459.4577099999997,1.030343147150865,0.0076350988867329266
1543.962,2921.42941,5925.85189,3004.4224799999997,3040.7939999999994,1.0121059938281383,0.007803344455544319,2877.2456499999994,0.9576701243428319,0.007753852829461845,2992.3450900000003,0.9959801292659748,0.007750112601089519,2958.7582399999997,0.9848009924356577,0.007722632518009143,3081.6034299999997,1.0256891134698207,0.007640156572448502,2969.7740099999996,0.9884675107343758,0.007680977670888741,3068.18589,1.0212231836316177,0.007689189400044059,3010.5307900000003,1.0020331062094838,0.007663762060506522,3062.87805,1.0194565079941753,0.0076578006587900895,3094.3248799999997,1.0299233548538753,0.0076356218765682125
1549.863,2925.54988,5631.09429,2705.54441,2741.42676,1.013262524860939,0.007801677933836126,2588.93734,0.956900700070194,0.007752442135736419,2697.24382,0.9969320074845861,0.007750351962589989,2667.73075,0.986023640986917,0.007722608363681092,2778.16207,1.0268403134436075,0.0076374973619025436,2676.6925399999996,0.9893360205460459,0.007682753697472327,2766.0155499999996,1.0223508214378192,0.007690462864799613,2713.98422,1.0031194498115814,0.007666317915454327,2762.22194,1.020948660014788,0.007658514919186088,2791.14392,1.0316385529225152,0.007636804706671462
1555.763,2932.12178,5393.16766,2461.04588,2493.04592,1.0130026182201852,0.007799129022043512,2358.6613899999998,0.9583979759044555,0.007749941441544497,2454.1204000000002,0.997185960629064,0.007749886662740025,2426.3664000000003,0.9859086414106185,0.0077216388715704125,2525.4986400000003,1.0261891744984455,0.007631691352861802,2437.0155600000003,0.9902357285594368,0.007685186367095614,2518.4686400000005,1.023332665378835,0.007690517210207988,2469.7636500000003,1.0035423029171646,0.00766884988530312,2511.1080399999996,1.020341823127653,0.0076605051488189205,2539.36725,1.0318244249879647,0.007636882585603842
1561.664,2930.07023,5235.57254,2305.5023100000003,2332.40282,1.01166796054956,0.0077961727214711195,2206.9848100000004,0.9572685312121852,0.007744542941732545,2295.84532,0.995811329289017,0.0077485287833396945,2271.52026,0.9852604571886113,0.007720075919689029,2359.63412,1.0234793995934013,0.007622797367358584,2282.27338,0.9899245687591611,0.007687970422814202,2354.39665,1.0212076733941766,0.007688848894920719,2314.8113200000003,1.0040377361408932,0.007670432733381952,2353.83984,1.0209661598647455,0.007660462131671331,2376.3558,1.030732343963689,0.007635703882839413
1567.564,2914.7706,5128.73808,2213.9674800000003,2236.1693000000005,1.0100280696083215,0.0077923886445622126,2116.1663399999998,0.9558253945085045,0.0077404852797305366,2205.2503500000003,0.9960626657443045,0.007748356471523208,2181.0825999999997,0.9851466291636766,0.007719549123963759,2262.75598,1.022036683212709,0.007613853093960016,2193.3317500000003,0.990679298505324,0.007689994548742691,2264.4785600000005,1.022814734388059,0.0076865785725726546,2225.41636,1.0051712051344133,0.007672804895223606,2260.91161,1.0212036221959322,0.007660434910626924,2284.4883099999997,1.0318526946023614,0.007633998419825365
1573.465,2936.43351,5112.76539,2176.3318799999997,2197.15903,1.0095698409748057,0.007786831042488751,2079.8013200000005,0.9556452943197251,0.007737179974399128,2166.76221,0.9956028443603004,0.007745754982117126,2142.71638,0.9845540561580158,0.007716460705566605,2220.1090599999998,1.0201151214124566,0.007601184954874396,2157.67976,0.9914295608259895,0.007690000482284781,2223.55419,1.0216981198657993,0.007682058987297773,2186.89333,1.0048528673852815,0.0076715693296876865,2222.9278000000004,1.0214103007120405,0.007658178590213782,2242.0500600000005,1.0301967639237086,0.007628182092893786
1579.365,2929.70513,5115.56669,2185.86156,2207.1063200000003,1.0097191699551185,0.00778064354506982,2084.2504400000003,0.9535143845065835,0.007731295624779128,2175.0217400000006,0.9950409393722084,0.007743026769264161,2151.8110600000005,0.984422389494786,0.007714064782672397,2225.21928,1.0180055867765019,0.007589808516236252,2165.99148,0.9909097262317017,0.007687835244040017,2229.7605800000006,1.0200831657426652,0.0076743471291522685,2194.26549,1.003844676238325,0.007668477358500767,2229.84758,1.0201229669824106,0.0076547367987546576,2249.75282,1.0292293259413923,0.0076205408530143496
1585.265,2920.90783,5150.5919,2229.6840700000002,2249.01508,1.0086698426293192,0.007775669465988505,2127.48035,0.954162241469483,0.007727588699741456,2220.3752999999997,0.9958250722040631,0.007741496225769585,2194.74586,0.9843304213049339,0.007712874233303017,2268.2243900000003,1.0172851035348698,0.00758103143941608,2208.0390399999997,0.990292333209341,0.007685491161113016,2272.29594,1.019111169413342,0.007669029827723074,2239.06247,1.004206156435427,0.007664454210227051,2273.00933,1.0194311205712654,0.00764990348767278,2292.81037,1.0283117688507322,0.007614151546451366
1591.165,2942.08398,5235.71174,2293.62776,2312.47201,1.008215914687046,0.007774031902131691,2188.2200500000004,0.9540432358561969,0.007724195544677279,2281.22158,0.994591022912977,0.007739720800097585,2255.2435499999997,0.9832648476490361,0.007709669641755766,2327.8885299999997,1.014937371528848,0.007575918040462787,2269.18083,0.9893413698480873,0.007679823362651461,2335.2488100000005,1.0181463839624965,0.007662911555566941,2298.1865600000006,1.0019875936625395,0.007658831501227604,2336.84963,1.0188443263348017,0.0076460033087782,2353.58866,1.0261423850224065,0.007606549416095831
1597.065,2938.01564,5315.71782,2377.7021799999998,2395.2592,1.0073840282217348,0.00777251432958065,2266.68942,0.9533109062464671,0.0077199293900183175,2365.1739299999995,0.9947309422915194,0.007738997321273293,2339.10835,0.9837684339423872,0.007709003718954887,2414.5563500000003,1.0154999100854594,0.007571722226038321,2349.84428,0.9882836882455985,0.0076753675778369205,2416.1223999999997,1.0161585501847838,0.007656773658998674,2379.3900200000003,1.0007098618212986,0.007653167070217951,2418.4366699999996,1.0171318722515532,0.007639525369119345,2436.20268,1.0246037962584533,0.007597999303014756
1602.964,2921.09908,5390.85336,2469.75428,2487.41604,1.007151221537715,0.007770848814653195,2356.3033100000002,0.9540638633896811,0.00772094341568914,2456.0077499999998,0.9944340495281982,0.0077389019597669285,2430.72469,0.9841969744455711,0.007709068022415194,2507.37478,1.0152324870148621,0.0075706434949174475,2439.65117,0.987811293518641,0.007671058283973577,2509.9153100000003,1.0162611440033622,0.007651468103339292,2470.62432,1.0003522779602187,0.007647980938989403,2510.40254,1.0164584227383138,0.00763419061377237,2530.74421,1.0246947360285574,0.0075906600052363694
1608.864,2922.21178,5475.00404,2552.7922599999997,2574.5958399999995,1.0085410710231468,0.007771497171945583,2432.5352799999996,0.9528919834628454,0.007722805733477486,2538.6626199999996,0.9944650255246386,0.007738059250052844,2507.5671500000003,0.9822840617669377,0.007709205273142964,2596.7823599999997,1.0172321503356485,0.0075713414859029165,2515.9543799999997,0.9855695739221647,0.007667503372931233,2596.50394,1.0171230854484024,0.007648093003046743,2552.84446,1.000020448197379,0.007642490685047987,2597.63502,1.0175661610631805,0.007629951383520745,2615.76715,1.0246690226176103,0.007585046472936212
1614.763,2929.34002,5569.78864,2640.4486199999997,2662.07865,1.0081918011341573,0.0077721105896024194,2513.59399,0.9519571677937063,0.00772518302698844,2627.1191400000002,0.9949518123931533,0.007738534956383096,2598.09373,0.9839592069017424,0.007710700552175725,2683.1519299999995,1.0161727479476574,0.007574084416025603,2607.212,0.9874125102271448,0.0076635565633620655,2682.6646800000003,1.0159882149117527,0.007645469921530237,2639.5611400000003,0.9996638904490407,0.007637848230804872,2681.02893,1.015368717911277,0.0076252111772436,2698.84819,1.0221172908109837,0.007580889249345102
1620.663,2930.6092,5638.36818,2707.7589800000005,2729.98099,1.008206790251324,0.007773937005626999,2584.2608500000006,0.9543910182138885,0.007727435009538401,2694.09868,0.9949551270623058,0.007738704890593971,2665.7341000000006,0.984479829885007,0.007711464939113457,2753.76926,1.0169920145551505,0.007577475588189934,2672.62511,0.9870247425049623,0.007661757475603557,2748.7749300000005,1.0151475630966238,0.007644908811407594,2705.3053500000005,0.999093852141892,0.007635268648226893,2748.7749300000005,1.0151475630966238,0.007622513417237023,2768.1258100000005,1.0222940189455119,0.007579120076227842
1626.562,2924.12423,5672.00576,2747.88153,2773.32303,1.0092585869231414,0.007776413769191387,2626.3488600000005,0.9557722308355849,0.007730213538868883,2734.3255400000003,0.9950667487473523,0.007739259350617718,2705.1602800000005,0.9844530233441324,0.0077122876188616156,2797.1810900000005,1.0179409335743816,0.007582303133288219,2712.3993800000003,0.9870874527840362,0.007660310703878848,2791.7690800000005,1.0159714127122506,0.007644068532920762,2745.6193,0.999176736705967,0.007633233679509548,2790.4117200000005,1.0154774467296632,0.007620615895597485,2811.1026800000004,1.0230072327754247,0.007577407997940557
1632.461,2937.84178,5718.85164,2781.0098599999997,2805.4074699999996,1.0087729318586451,0.0077786277209427705,2658.91915,0.9560984260587988,0.007732596257577187,2767.1579099999994,0.9950190935317287,0.00774099431412924,2738.1838000000002,0.984600536439666,0.0077151001828980915,2829.71819,1.0175146196712874,0.007585879535717108,2741.4727399999997,0.9857831787766477,0.007661968757999493,2824.6889799999994,1.0157062082476758,0.00764365835242444,2774.71035,0.9977348120585233,0.00763291511359848,2821.1215399999996,1.0144234224325979,0.007618186709935545,2842.7872,1.0222139953146374,0.0075767522875188065
1638.36,2905.57347,5684.48287,2778.9094,2804.0377300000005,1.0090425150240596,0.0077823554267549624,2654.5747800000004,0.9552577640710418,0.007737329593347615,2764.6921100000004,0.9948838598336457,0.007740647709794731,2735.7008,0.9844512383167296,0.0077150560736528075,2830.83678,1.0186862443230427,0.0075924046661202515,2741.8436000000006,0.9866617457913528,0.007660588561570599,2822.3620000000005,1.0156365659132323,0.007645872250251542,2774.3153100000004,0.9983468010867862,0.0076320986256273576,2819.52548,1.0146158345428604,0.0076192941408049835,2842.6353700000004,1.022932007067233,0.0075804762588568995
1644.259,2942.79681,5693.70586,2750.90905,2776.7683100000004,1.0094002598886358,0.007785008812633973,2631.15077,0.956465925327484,0.007741810261882793,2736.97016,0.9949329876972849,0.007742290314602223,2709.4579400000002,0.9849318500733422,0.007715949121976428,2805.29021,1.019768432547779,0.007598036440777364,2713.79097,0.986506976666495,0.007661083398346111,2793.4916300000004,1.0154794575996615,0.0076489858993200165,2746.75,0.9984881179550447,0.0076332560908784,2791.31638,1.014688718989092,0.0076198678054937175,2814.3914999999997,1.0230768988891144,0.007584002521680509
1650.158,2931.91315,5625.09072,2693.1775700000003,2721.59453,1.0105514617069975,0.007787421190098008,2571.8549399999997,0.9549518637941127,0.0077456989656091435,2682.47557,0.9960262553352544,0.007743501366177697,2652.23169,0.9847964425160424,0.007717384114325662,2748.6369,1.0205925263219833,0.00760418579346483,2658.33962,0.9870643694689615,0.007663075635403827,2738.26542,1.0167415065765604,0.007653436679260234,2692.4467,0.9997286216816367,0.007635187559559304,2734.3848199999998,1.015300606413412,0.007621643054969951,2757.9468899999997,1.0240494056988598,0.007588557062648896
1656.056,2930.17455,5530.58338,2600.40883,2630.51315,1.0115767642582572,0.00779079321240292,2486.11872,0.9560491763135569,0.00774975473574897,2586.47042,0.9946399159089151,0.007745558520867578,2558.5937499999995,0.9839198054099823,0.007719279494629611,2658.40767,1.0223037390624459,0.0076126115293679115,2564.4405299999994,0.9861682134035822,0.007665813729472343,2647.3403299999995,1.0180477390549392,0.007657948209392765,2597.5898199999997,0.9989159358453646,0.007639128207769475,2643.05957,1.0164015517513836,0.007625680438762321,2667.0736299999994,1.0256362765850167,0.007594574978473738
1661.955,2924.41979,5407.62768,2483.2078899999997,2509.5701500000005,1.0106162114360875,0.007794097594617012,2379.5702,0.9582645937871921,0.007755747986108221,2474.3509000000004,0.9964332466743252,0.007747139070011786,2446.64902,0.9852775636920195,0.007721533084099766,2538.54273,1.0222836115424876,0.007621087312127819,2452.0954199999996,0.9874708556922313,0.007668784611674892,2528.0151400000004,1.018044099400796,0.007663685972632083,2483.5907100000004,1.0001541634921274,0.007642553185225173,2522.1510100000005,1.0156825854801874,0.007629296962196248,2546.8430200000003,1.0256261790469747,0.007601463762040374
1667.853,2921.23816,5275.38397,2354.14581,2381.0987999999998,1.0114491591325856,0.007796939272688897,2257.9413999999997,0.9591340478608671,0.0077596037776302765,2345.0977199999998,0.9961565294887149,0.007749879579617366,2320.5635899999997,0.9857348598131225,0.007723701132611282,2409.98343,1.023718845180622,0.007628385536231922,2327.9760100000003,0.9888835262927067,0.0076712764801603285,2401.4920199999997,1.0201118426050253,0.007669296604863983,2356.3730299999997,1.0009460841340154,0.007646706498056698,2394.47966,1.0171331146221567,0.007634273902240692,2418.44005,1.0273110695721945,0.007608815873233745
1673.751,2943.97906,5156.62957,2212.65051,2238.83704,1.0118349146788663,0.007798875586396213,2123.2697700000003,0.9596046734014042,0.007765894517379906,2205.72547,0.9968702513258635,0.007751174679786604,2182.3230900000003,0.986293623930695,0.007725943976581178,2268.9213400000003,1.0254314134770433,0.007635441681381761,2186.6555599999997,0.988251669261586,0.007674228411522383,2256.6892299999995,1.0199031522605888,0.0076744833337573865,2215.62585,1.001344694964954,0.0076505277156288755,2252.8960700000002,1.0181888462810154,0.007637960238351664,2274.38491,1.027900655671103,0.007615093955331844
1679.649,2928.14039,4991.19788,2063.0574899999997,2087.9030500000003,1.012043076899423,0.007799228570132307,1981.44083,0.9604389793325635,0.007770934829250527,2055.43684,0.9963061378381657,0.00775416177617352,2035.1325700000002,0.9864643035226326,0.00772971272609714,2118.0381,1.0266500619912442,0.007641621629195569,2041.06551,0.9893401031689137,0.00767816204786215,2106.3285499999997,1.0209742385802347,0.007680136690883352,2066.1196800000002,1.0014842969790438,0.007654709091270095,2100.1693099999998,1.017988747371262,0.007641851113062052,2123.7971999999995,1.0294415983531315,0.007621112301140409
1685.547,2925.34125,4845.121,1919.7797500000001,1942.7799799999998,1.0119806608023654,0.007801712559345007,1842.60324,0.9597992894757847,0.007773380826957334,1914.7865399999996,0.9973990714299384,0.007754187359378034,1894.5701700000004,0.9868685040562597,0.00773282114224956,1970.8954600000002,1.0266258199671083,0.007647250795414366,1898.18892,0.9887534859142044,0.0076808379053434125,1959.51701,1.0206988640233339,0.007684087905925086,1924.1814500000005,1.0022928151002741,0.007658683782092121,1956.8898800000002,1.0193304101681455,0.007646007756904274,1977.4198199999996,1.03002431398706,0.007626607955192513
1691.445,2926.12362,4704.04395,1777.9203300000004,1799.80607,1.0123097416856692,0.007803279261173574,1707.4973700000005,0.9603902611316674,0.007774821103867689,1772.9273399999997,0.9971916683128311,0.007754520452865006,1754.4516200000003,0.9867999090825402,0.007735417623805804,1826.3196899999998,1.027222457150259,0.007651352462005049,1759.6533400000003,0.9897256419808192,0.007681946803172399,1816.2639700000004,1.021566568171252,0.007685816388010764,1783.6614100000002,1.0032290985727126,0.007661793990397418,1811.23612,1.0187386293062972,0.007648609106287252,1831.2257800000002,1.029981911506687,0.00763032057162337
1697.343,2940.32799,4580.94405,1640.6160599999998,1660.1349500000001,1.0118972930205257,0.007804421147977802,1575.6584399999997,0.9604065682497341,0.007775716995619828,1636.23216,0.9973278940107414,0.00775406040152704,1619.75779,0.9872863185308575,0.007737388579210204,1686.73443,1.0281103977490018,0.007653631465465218,1623.7415500000002,0.9897145283339481,0.007683756568191117,1678.8537199999996,1.0233068911930556,0.007687769203033551,1645.1217499999998,1.002746340298534,0.007664469064074193,1673.4781499999995,1.0200303354338733,0.007650078473173663,1692.0056399999999,1.0313233432568008,0.007633409257787194
1703.241,2945.89153,4467.6432,1521.7516700000006,1541.3393699999997,1.0128718110754555,0.007805333795203635,1461.4586200000003,0.9603791793440252,0.007775647823372644,1516.3589899999997,0.996456268058506,0.007754227238242875,1503.57316,0.9880542204366363,0.0077391684619508684,1563.7105600000004,1.0275727576497418,0.00765461347789704,1506.3564699999997,0.989883237650726,0.007684359022732518,1554.8038100000003,1.0217197987369384,0.007688570647394552,1527.52707,1.00379523158335,0.00766699174432403,1551.5159700000004,1.0195592359691643,0.00765176239123084,1568.65103,1.0308193254685236,0.0076348672393247415
